Accession,Actual Flag,My Flag,Profile
MK248604,3'CTS-ins,3'CTS-ins,A_8_20180606.afa
MK164000,CDS-3Xdel,CDS-3Xdel,A_5_20181015.afa
LC431179,5'CTS-mut,5'CTS-mut,A_3_20171212.afa
MK168400,CDS-3Xdel,CDS-3Xdel,A_3_20171212.afa
CY263368,5'CTS-mut,5'CTS-mut,A_6_N1_20170601.afa
CY263376,5'CTS-mut,5'CTS-mut,A_6_N1_20170601.afa
MG592284,CDS-3Xins,CDS-3Xins,A_4_H1_20171212.afa
MG592284,CDS-3Xins,CDS-3Xins,A_4_H1_20171212.afa
MG592284,CDS-3Xdel,CDS-3Xdel,A_4_H1_20171212.afa
MN530204,Pass,Pass,A_2_20171212.afa
MN530206,Pass,Pass,A_2_20171212.afa
MN638429,Pass,Pass,A_6_N2_20180606.afa
MN638431,Pass,Pass,A_8_20180606.afa
MN638433,Pass,Pass,A_6_N2_20180606.afa
MN638435,Pass,Pass,A_7_20180412.afa
MN410742,Pass,CDS-3Xdel,A_4_H1_20171212.afa
MN410744,Pass,CDS-3Xdel,A_4_H1_20171212.afa
MN410746,Pass,CDS-3Xdel,A_4_H1_20171212.afa
MN410748,Pass,CDS-3Xdel,A_4_H1_20171212.afa
MH682202,CDS-del,CDS-del,A_3_20171212.afa
MH682202,CDS-del,CDS-del,A_3_20171212.afa
MH682202,CDS-del,CDS-del,A_3_20171212.afa
MH682202,CDS-ins,CDS-ins,A_3_20171212.afa
MH061516,3'CTS-mut,3'CTS-mut,A_1_20170601.afa
MH560120,5'NCR-del,5'NCR-del,A_6_N2_20180606.afa
LC208488,5'CTS-mut,5'CTS-mut,A_3_20171212.afa
LC208500,5'CTS-mut,5'CTS-mut,A_4_H9_20170601.afa
LC208500,5'CTS-mut,5'CTS-mut,A_4_H9_20170601.afa
LC208500,5'CTS-mut,5'CTS-mut,A_4_H9_20170601.afa
LC208500,CDS-3Xdel,CDS-3Xdel,A_4_H9_20170601.afa
MG669376,3'CTS-mut,3'CTS-mut,A_8_20180606.afa
MG669376,3'CTS-mut,3'CTS-mut,A_8_20180606.afa
MN252200,CDS-del,Pass,A_6_N1_20170601.afa
MK635985,CDS-del,CDS-del,A_2_20171212.afa
LC367361,5'CTS-mut,5'CTS-mut,A_3_20171212.afa
LC367497,5'CTS-mut,5'CTS-mut,A_3_20171212.afa
MH233630,5'CTS-mut,5'CTS-mut,A_6_N1_20170601.afa
MH597108,5'NCR-del,5'NCR-del,A_4_H13_20180606.afa
MG836824,3'CTS-mut,3'CTS-mut,A_1_20170601.afa
MK077234,5'CTS-mut,5'CTS-mut,A_6_N1_20170601.afa
MK077242,5'CTS-mut,5'CTS-mut,A_6_N1_20170601.afa
CY263376,5'CTS-mut,5'CTS-mut,A_6_N1_20170601.afa
LC371778,5'CTS-mut,5'CTS-del,A_4_H4_20171211.afa
MN061199,5'CTS-mut,5'CTS-mut,A_8_20180606.afa
MN566038,CDS-del,CDS-del,A_6_N6_20171211.afa
MN566038,CDS-del,CDS-del,A_6_N6_20171211.afa
MK168545,5'CTS-mut,5'CTS-mut,A_6_N1_20170601.afa
MK168545,CDS-3Xdel,CDS-3Xdel,A_6_N1_20170601.afa
MK265556,5'CTS-mut,5'CTS-mut,A_6_N1_20170601.afa
MH134672,5'NCR-ins,5'NCR-ins,A_6_N2_20180606.afa
MH134905,5'NCR-ins,5'NCR-ins,A_6_N2_20180606.afa
MK025733,5'CTS-mut,5'CTS-mut,A_6_N1_20170601.afa
MG572479,3'NCR-del,3'NCR-del,A_2_20171212.afa
MK963674,5'NCR-del,5'NCR-del,A_6_N2_20180606.afa
LC364326,5'CTS-mut,5'CTS-mut,A_1_20170601.afa
MK964253,5'NCR-del,5'NCR-del,A_6_N2_20180606.afa
MK964309,5'NCR-del,5'NCR-del,A_6_N2_20180606.afa
MH446651,5'CTS-mut,5'CTS-mut,A_6_N1_20170601.afa
MK963760,5'NCR-del,5'NCR-del,A_6_N2_20180606.afa
MF399575,5'NCR-ext,5'NCR-ext,A_7_20180412.afa
MF399575,3'NCR-ext,3'NCR-ext,A_7_20180412.afa
MF399591,5'NCR-ext,5'NCR-ext,A_7_20180412.afa
MF399591,3'NCR-ext,3'NCR-ext,A_7_20180412.afa
MH061709,5'CTS-mut,5'CTS-mut,A_2_20171212.afa
MH061772,5'NCR-del,5'NCR-del,A_1_20170601.afa
MH061772,3'CTS-mut,3'CTS-mut,A_1_20170601.afa
MH356652,CDS-ins,CDS-ins,A_6_N1_20170601.afa
MH356652,CDS-ins,CDS-ins,A_6_N1_20170601.afa
MN083556,5'CTS-mut,5'CTS-mut,A_6_N1_20170601.afa
MH061801,3'CTS-mut,3'CTS-mut,A_6_N2_20180606.afa
LC364296,5'CTS-mut,5'CTS-mut,A_3_20171212.afa
MF099397,5'NCR-del,Pass,A_4_H1_20171212.afa
MH359856,5'CTS-mut,5'CTS-mut,A_6_N1_20170601.afa
MH791669,3'CTS-mut,3'CTS-mut,A_6_N1_20170601.afa
MH105297,3'NCR-del,3'NCR-del,A_6_N2_20180606.afa
MK554069,CDS-del,CDS-del,A_4_H9_20170601.afa
MN083403,5'CTS-mut,5'CTS-mut,A_6_N1_20170601.afa
MH791598,3'CTS-mut,3'CTS-mut,A_6_N1_20170601.afa
MN570649,3'CTS-mut,3'CTS-mut,A_6_N2_20180606.afa
MH127648,CDS-del,CDS-del,A_3_20171212.afa
MH061689,3'CTS-mut,3'CTS-mut,A_6_N2_20180606.afa
MG836781,3'CTS-mut,3'CTS-mut,A_6_N2_20180606.afa
MH061521,3'CTS-mut,3'CTS-mut,A_6_N2_20180606.afa
MH061737,3'CTS-mut,3'CTS-mut,A_6_N2_20180606.afa
MN252151,CDS-del,Pass,A_6_N1_20170601.afa
MN252156,CDS-del,Pass,A_6_N1_20170601.afa
MH061620,5'NCR-del,5'NCR-del,A_1_20170601.afa
MH061620,3'CTS-mut,3'CTS-mut,A_1_20170601.afa
MH061740,3'NCR-del,3'NCR-del,A_1_20170601.afa
MH061500,5'NCR-ext,5'CTS-ins,A_1_20170601.afa
MH061500,5'CTS-mut,5'CTS-mut,A_1_20170601.afa
MG781101,3'CTS-mut,3'CTS-mut,A_7_20180412.afa
MG781101,3'CTS-mut,3'CTS-mut,A_7_20180412.afa
MG781101,3'CTS-mut,3'CTS-mut,A_7_20180412.afa
MG781101,3'CTS-mut,3'CTS-mut,A_7_20180412.afa
MH744650,3'CTS-mut,3'CTS-mut,A_3_20171212.afa
MH744650,3'CTS-mut,3'CTS-mut,A_3_20171212.afa
MH560246,CDS-3Xdel,CDS-3Xdel,A_1_20170601.afa
MH798598,3'NCR-del,Pass,A_4_H3_20180611.afa
LC374944,5'CTS-mut,5'CTS-mut,A_4_H9_20170601.afa
LC374944,5'CTS-mut,5'CTS-mut,A_4_H9_20170601.afa
LC431436,3'CTS-mut,3'CTS-mut,A_4_H3_20180611.afa
LC431436,3'CTS-mut,3'CTS-mut,A_4_H3_20180611.afa
MF399664,5'NCR-ext,5'NCR-ext,A_8_20180606.afa
MF399664,5'CTS-mut,5'CTS-mut,A_8_20180606.afa
MF399664,3'NCR-ext,3'NCR-ext,A_8_20180606.afa
MH682206,CDS-3Xins,Unknown,Unknown
MH682206,CDS-3Xdel,Unknown,Unknown
MH682206,CDS-3Xdel,Unknown,Unknown
MH682206,CDS-3Xdel,Unknown,Unknown
MH682206,CDS-ins,Unknown,Unknown
MH682206,CDS-ins,Unknown,Unknown
MF399543,5'NCR-ext,5'NCR-ext,A_7_20180412.afa
MF399543,3'NCR-ext,3'NCR-ext,A_7_20180412.afa
MK181937,5'CTS-mut,5'CTS-mut,A_6_N1_20170601.afa
MG957544,3'CTS-mut,3'CTS-mut,A_6_N1_20170601.afa
LC367420,3'CTS-mut,3'CTS-del,A_6_N4_20171211.afa
MH246147,5'CTS-mut,5'CTS-mut,A_6_N1_20170601.afa
MH560115,5'CTS-mut,5'CTS-mut,A_6_N2_20180606.afa
MH029129,5'NCR-ext,5'NCR-ext,A_1_20170601.afa
MH029129,5'CTS-mut,5'CTS-mut,A_1_20170601.afa
MH029129,5'CTS-mut,5'CTS-mut,A_1_20170601.afa
MH029129,CDS-3Xdel,CDS-3Xdel,A_1_20170601.afa
MH029129,CDS-3Xdel,CDS-3Xdel,A_1_20170601.afa
MH029129,CDS-3Xdel,CDS-3Xdel,A_1_20170601.afa
MG836749,3'CTS-mut,3'CTS-mut,A_6_N2_20180606.afa
MG836792,5'NCR-del,5'NCR-del,A_1_20170601.afa
MH061677,3'NCR-del,3'NCR-del,A_2_20171212.afa
MH061677,3'CTS-del,3'CTS-del,A_2_20171212.afa
MF694134,5'NCR-del,5'NCR-del,A_4_H16_20180606.afa
LC374928,5'CTS-mut,5'CTS-mut,A_4_H9_20170601.afa
LC374928,5'CTS-mut,5'CTS-mut,A_4_H9_20170601.afa
LC374928,5'CTS-mut,5'CTS-mut,A_4_H9_20170601.afa
MH013214,3'CTS-mut,3'CTS-ins,A_7_20180412.afa
MH013214,3'NCR-ext,3'CTS-ins,A_7_20180412.afa
MH540423,5'CTS-mut,5'CTS-mut,A_6_N1_20170601.afa
MH411893,5'NCR-ext,5'CTS-ins,A_6_N6_20171211.afa
MH411893,5'CTS-mut,5'CTS-ins,A_6_N6_20171211.afa
MK077186,5'CTS-mut,5'CTS-mut,A_6_N1_20170601.afa
MK077226,5'CTS-mut,5'CTS-mut,A_6_N1_20170601.afa
MK077291,5'CTS-mut,5'CTS-mut,A_6_N1_20170601.afa
MH134676,5'NCR-del,5'NCR-del,A_4_H13_20180606.afa
MK025717,5'CTS-mut,5'CTS-mut,A_6_N1_20170601.afa
MK265604,5'CTS-mut,5'CTS-mut,A_6_N1_20170601.afa
MH029129,CDS-3Xdel,CDS-3Xdel,A_1_20170601.afa
MK557216,5'CTS-mut,5'CTS-mut,A_6_N1_20170601.afa
MK557467,5'CTS-mut,5'CTS-mut,A_6_N1_20170601.afa
MK557579,5'CTS-mut,5'CTS-mut,A_6_N1_20170601.afa
MK963177,5'NCR-del,5'NCR-del,A_6_N2_20180606.afa
MK963245,5'NCR-del,5'NCR-del,A_6_N2_20180606.afa
MK963635,5'NCR-del,5'NCR-del,A_6_N2_20180606.afa
KY935555,3'CTS-del,3'CTS-ins,A_4_H3_20180611.afa
KY935555,3'CTS-mut,3'CTS-mut,A_4_H3_20180611.afa
KY935555,3'CTS-mut,3'CTS-mut,A_4_H3_20180611.afa
KY935555,3'NCR-ext,3'CTS-ins,A_4_H3_20180611.afa
MK376985,5'NCR-del,5'NCR-del,A_4_H13_20180606.afa
MK212789,CDS-3Xdel,CDS-3Xdel,A_4_H3_20180611.afa
MK212789,3'NCR-del,3'NCR-del,A_4_H3_20180611.afa
MK212789,3'CTS-mut,3'CTS-mut,A_4_H3_20180611.afa
MK364652,5'CTS-mut,5'CTS-mut,A_6_N1_20170601.afa
MK363979,5'CTS-mut,5'CTS-mut,A_6_N1_20170601.afa
MK398752,5'CTS-mut,5'CTS-mut,A_6_N1_20170601.afa
MK398896,5'CTS-mut,5'CTS-mut,A_6_N1_20170601.afa
MK358011,3'CTS-del,3'CTS-mut,A_6_N3_20170628.afa
MK358011,3'CTS-mut,3'CTS-mut,A_6_N3_20170628.afa
MK964317,5'NCR-del,5'NCR-del,A_6_N2_20180606.afa
MH588106,5'NCR-ext,5'NCR-ext,A_2_20171212.afa
MH588106,5'CTS-ins,5'CTS-ins,A_2_20171212.afa
LC208496,5'CTS-mut,5'CTS-mut,A_3_20171212.afa
LC208496,5'CTS-mut,5'CTS-mut,A_3_20171212.afa
LC374932,5'CTS-mut,5'CTS-mut,A_3_20171212.afa
MH061691,3'NCR-del,3'NCR-del,A_8_20180606.afa
MK943150,5'NCR-del,5'NCR-del,A_6_N2_20180606.afa
MH498590,CDS-del,5'NCR-del,A_2_20171212.afa
MH842389,CDS-3Xdel,CDS-3Xdel,A_4_H3_20180611.afa
MF173286,5'CTS-mut,5'CTS-mut,A_4_H3_20180611.afa
MK364720,5'CTS-mut,5'CTS-mut,A_6_N1_20170601.afa
MH546413,3'CTS-mut,5'NCR-del,A_6_N2_20180606.afa
MF399631,3'CTS-mut,3'CTS-mut,A_7_20180412.afa
MH061717,5'CTS-mut,5'CTS-mut,A_2_20171212.afa
MH375876,3'CTS-mut,3'CTS-del,A_4_H9_20170601.afa
MF099262,5'CTS-mut,5'CTS-mut,A_4_H13_20180606.afa
MF099262,5'NCR-del,5'NCR-del,A_4_H13_20180606.afa
MH578879,CDS-ins,CDS-ins,A_2_20171212.afa
MH578879,CDS-del,CDS-del,A_2_20171212.afa
MH560124,5'NCR-del,5'NCR-del,A_6_N2_20180606.afa
MH134844,5'NCR-del,5'NCR-del,A_4_H13_20180606.afa
MH682214,CDS-3Xins,Unknown,Unknown
MH682214,CDS-3Xdel,Unknown,Unknown
MH682214,CDS-3Xdel,Unknown,Unknown
MH682214,CDS-3Xdel,Unknown,Unknown
MH682214,CDS-ins,Unknown,Unknown
MH682214,CDS-ins,Unknown,Unknown
MG836784,5'NCR-del,5'NCR-del,A_1_20170601.afa
MG836784,3'CTS-mut,3'CTS-mut,A_1_20170601.afa
MH061703,3'NCR-del,3'NCR-del,A_4_H3_20180611.afa
MH061703,3'CTS-del,3'CTS-del,A_4_H3_20180611.afa
MH061703,3'NCR-ext,3'NCR-ext,A_4_H3_20180611.afa
MH061676,CDS-3Xdel,CDS-3Xdel,A_1_20170601.afa
MK475320,5'CTS-mut,5'CTS-mut,A_6_N1_20170601.afa
LC431385,5'CTS-mut,5'CTS-mut,A_3_20171212.afa
LC208512,5'CTS-mut,5'CTS-mut,A_3_20171212.afa
MH183735,5'CTS-mut,5'CTS-mut,A_6_N1_20170601.afa
MH183688,5'CTS-mut,5'CTS-mut,A_6_N1_20170601.afa
MH071500,5'NCR-ext,5'NCR-ext,A_6_N7_20180609.afa
MH071500,5'CTS-mut,5'CTS-mut,A_6_N7_20180609.afa
MH071500,5'CTS-mut,5'CTS-mut,A_6_N7_20180609.afa
MH578718,CDS-3Xdel,CDS-3Xdel,A_3_20171212.afa
MK077250,5'CTS-mut,5'CTS-mut,A_6_N1_20170601.afa
MK168521,CDS-3Xdel,CDS-3Xdel,A_3_20171212.afa
MK265564,5'CTS-mut,5'CTS-mut,A_6_N1_20170601.afa
MH134619,5'NCR-del,5'NCR-del,A_4_H13_20180606.afa
MH596995,5'NCR-del,5'NCR-del,A_4_H13_20180606.afa
MK245912,5'CTS-mut,5'CTS-mut,A_6_N1_20170601.afa
MK245816,5'CTS-mut,5'CTS-mut,A_6_N1_20170601.afa
MG572491,3'CTS-mut,3'CTS-mut,A_7_20180412.afa
MK556979,5'CTS-mut,5'CTS-mut,A_6_N1_20170601.afa
MK963412,5'NCR-del,5'NCR-del,A_6_N2_20180606.afa
MK963811,5'NCR-del,5'NCR-del,A_6_N2_20180606.afa
MK964277,5'NCR-del,5'NCR-del,A_6_N2_20180606.afa
MK964375,5'NCR-del,5'NCR-del,A_6_N2_20180606.afa
MK964409,5'NCR-del,5'NCR-del,A_6_N2_20180606.afa
MH061847,3'CTS-mut,3'CTS-mut,A_4_H1_20171212.afa
MH588109,5'NCR-ext,5'NCR-ext,A_2_20171212.afa
MH588109,5'CTS-ins,5'CTS-ins,A_2_20171212.afa
MH283607,CDS-del,Pass,A_5_20181015.afa
MK972684,CDS-3Xdel,CDS-3Xdel,A_6_N1_20170601.afa
MK978896,3'CTS-mut,3'CTS-mut,A_4_H10_20170611.afa
MK978896,3'CTS-mut,3'CTS-mut,A_4_H10_20170611.afa
MN083444,5'CTS-mut,5'CTS-mut,A_6_N1_20170601.afa
MH283607,CDS-ins,Pass,A_5_20181015.afa
MH061767,3'CTS-mut,3'CTS-mut,A_4_H1_20171212.afa
MH061815,3'CTS-mut,3'CTS-mut,A_4_H1_20171212.afa
MH346629,CDS-3Xdel,CDS-3Xdel,A_1_20170601.afa
MG592287,CDS-3Xins,CDS-3Xins,A_4_H1_20171212.afa
MH061833,3'CTS-mut,3'CTS-mut,A_6_N2_20180606.afa
MF173170,5'CTS-mut,5'CTS-mut,A_4_H3_20180611.afa
MH682200,CDS-del,CDS-del,A_1_20170601.afa
MK942891,5'NCR-del,5'NCR-del,A_6_N2_20180606.afa
LC431431,5'CTS-mut,5'CTS-mut,A_7_20180412.afa
LC431487,5'CTS-mut,5'CTS-mut,A_7_20180412.afa
KY935522,3'CTS-del,3'CTS-mut,A_8_20180606.afa
KY935522,3'CTS-mut,3'CTS-mut,A_8_20180606.afa
KY935522,3'CTS-mut,3'CTS-mut,A_8_20180606.afa
KY935522,3'CTS-mut,3'CTS-mut,A_8_20180606.afa
KY935522,3'NCR-ext,3'CTS-mut,A_8_20180606.afa
MH128090,3'CTS-mut,3'CTS-mut,A_8_20180606.afa
MH128090,3'NCR-ext,3'CTS-ins,A_8_20180606.afa
MN252199,CDS-del,Pass,A_6_N1_20170601.afa
MF399623,5'NCR-ext,5'NCR-ext,A_7_20180412.afa
MF399623,3'NCR-ext,3'NCR-ext,A_7_20180412.afa
MG984009,5'CTS-mut,5'CTS-mut,A_4_H9_20170601.afa
MF575201,5'NCR-del,5'NCR-del,A_4_H13_20180606.afa
MH682210,CDS-del,CDS-del,A_3_20171212.afa
MH682210,CDS-del,CDS-del,A_3_20171212.afa
MH682210,CDS-del,CDS-del,A_3_20171212.afa
MH682210,CDS-ins,CDS-ins,A_3_20171212.afa
KU679931,3'NCR-ext,3'NCR-ext,A_2_20171212.afa
MK462862,5'NCR-del,5'NCR-del,A_4_H1_20171212.afa
MH061556,5'NCR-del,5'NCR-del,A_1_20170601.afa
MH061583,5'CTS-mut,5'CTS-mut,A_4_H1_20171212.afa
MH061583,3'CTS-mut,3'CTS-mut,A_4_H1_20171212.afa
MH061655,3'CTS-mut,3'CTS-mut,A_4_H1_20171212.afa
MH546539,CDS-ins,5'NCR-ins,A_4_H5_20181012.afa
LC431416,3'NCR-ins,3'NCR-ins,A_3_20171212.afa
LC208487,3'CTS-mut,3'CTS-mut,A_2_20171212.afa
LC208487,3'CTS-mut,3'CTS-mut,A_2_20171212.afa
LC208508,5'CTS-mut,5'CTS-mut,A_4_H9_20170601.afa
MG882007,3'CTS-mut,3'CTS-mut,A_4_H9_20170601.afa
MK364161,5'CTS-mut,5'CTS-mut,A_6_N1_20170601.afa
MK292573,5'CTS-mut,5'CTS-mut,A_6_N1_20170601.afa
MK245944,5'CTS-mut,5'CTS-mut,A_6_N1_20170601.afa
MK265588,5'CTS-mut,5'CTS-mut,A_6_N1_20170601.afa
MK265660,5'CTS-mut,5'CTS-mut,A_6_N1_20170601.afa
MK462515,CDS-3Xins,CDS-3Xins,A_4_H1_20171212.afa
MH346943,CDS-3Xdel,CDS-3Xdel,A_2_20171212.afa
MK963549,5'NCR-del,5'NCR-del,A_6_N2_20180606.afa
MK265537,5'CTS-mut,5'CTS-mut,A_6_N1_20170601.afa
MK364097,5'CTS-mut,5'CTS-mut,A_6_N1_20170601.afa
MK364630,5'CTS-mut,5'CTS-mut,A_6_N1_20170601.afa
MG693001,3'NCR-ext,3'NCR-ext,A_4_H3_20180611.afa
MF630431,CDS-3Xdel,CDS-3Xdel,A_6_N9_20171211.afa
MH013199,3'CTS-mut,3'CTS-ins,A_8_20180606.afa
MH013199,3'NCR-ext,3'CTS-ins,A_8_20180606.afa
MK964441,5'NCR-del,5'NCR-del,A_6_N2_20180606.afa
MK964718,5'NCR-del,5'NCR-del,A_6_N2_20180606.afa
MH560107,5'NCR-del,5'NCR-del,A_6_N2_20180606.afa
MF399551,5'NCR-ext,5'NCR-ext,A_7_20180412.afa
MF399551,3'NCR-ext,3'NCR-ext,A_7_20180412.afa
MH061799,3'CTS-mut,3'CTS-mut,A_4_H1_20171212.afa
MH352254,CDS-del,CDS-del,A_8_20180606.afa
MK556859,5'CTS-mut,5'CTS-mut,A_6_N1_20170601.afa
MG779872,5'CTS-mut,5'CTS-del,A_8_20180606.afa
MK676592,5'CTS-mut,5'CTS-mut,A_6_N1_20170601.afa
MK676670,5'CTS-mut,5'CTS-mut,A_6_N1_20170601.afa
MH061682,5'CTS-mut,5'CTS-mut,A_7_20180412.afa
MH061637,3'NCR-del,3'NCR-del,A_2_20171212.afa
MH061637,3'CTS-mut,3'CTS-mut,A_2_20171212.afa
MH061637,3'CTS-mut,3'CTS-mut,A_2_20171212.afa
MF098827,5'CTS-mut,5'CTS-mut,A_4_H3_20180611.afa
MH560111,5'NCR-del,5'NCR-del,A_6_N2_20180606.afa
MH356639,5'NCR-del,5'NCR-del,A_4_H1_20171212.afa
MH356645,5'NCR-del,5'NCR-del,A_4_H1_20171212.afa
LC369571,3'NCR-ext,3'NCR-ext,A_2_20171212.afa
MH791465,5'CTS-mut,5'CTS-mut,A_6_N1_20170601.afa
MN552872,5'CTS-mut,5'CTS-mut,A_6_N1_20170601.afa
MK558880,5'CTS-mut,5'CTS-mut,A_6_N1_20170601.afa
MK544184,CDS-del,CDS-del,A_4_H9_20170601.afa
MH592360,CDS-ins,Pass,A_7_20180412.afa
MH592360,CDS-del,Pass,A_7_20180412.afa
MF575295,5'NCR-del,5'NCR-del,A_4_H13_20180606.afa
LC430954,3'CTS-mut,3'CTS-mut,A_6_N1_20170601.afa
LC430967,5'CTS-mut,5'CTS-mut,A_3_20171212.afa
MK100321,CDS-ins,CDS-3Xins,A_1_20170601.afa
MK100321,CDS-ins,CDS-3Xins,A_1_20170601.afa
MG572495,5'CTS-del,5'CTS-del,A_3_20171212.afa
MG572495,5'CTS-mut,5'CTS-mut,A_3_20171212.afa
MG572495,5'NCR-del,5'NCR-del,A_3_20171212.afa
MG572495,3'NCR-del,3'NCR-del,A_3_20171212.afa
MH061775,5'NCR-del,5'NCR-del,A_4_H3_20180611.afa
NC_004907,5'NCR-ext,5'CTS-ins,A_7_20180412.afa
NC_004907,5'CTS-mut,5'CTS-mut,A_7_20180412.afa
NC_004907,3'CTS-mut,3'CTS-mut,A_7_20180412.afa
NC_004907,3'CTS-mut,3'CTS-mut,A_7_20180412.afa
MH446698,5'CTS-mut,5'CTS-mut,A_6_N1_20170601.afa
MH579200,CDS-3Xdel,CDS-3Xdel,A_4_H3_20180611.afa
MH579200,CDS-del,CDS-del,A_4_H3_20180611.afa
MH579200,CDS-del,CDS-del,A_4_H3_20180611.afa
LC367448,3'CTS-mut,3'CTS-mut,A_2_20171212.afa
LC367448,3'CTS-mut,3'CTS-mut,A_2_20171212.afa
MH560103,5'CTS-mut,5'CTS-mut,A_7_20180412.afa
MH791680,3'CTS-mut,3'CTS-mut,A_6_N1_20170601.afa
MH791919,3'CTS-mut,3'CTS-mut,A_6_N1_20170601.afa
MH546867,CDS-ins,5'NCR-ins,A_4_H5_20181012.afa
MK168551,5'CTS-mut,5'CTS-mut,A_4_H3_20180611.afa
MG592282,CDS-3Xdel,CDS-3Xdel,A_4_H1_20171212.afa
MH061580,5'NCR-del,5'NCR-del,A_1_20170601.afa
MH061580,3'NCR-del,3'NCR-del,A_1_20170601.afa
MH061580,3'CTS-del,3'CTS-del,A_1_20170601.afa
MH061580,3'CTS-mut,3'CTS-mut,A_1_20170601.afa
MH061580,3'CTS-mut,3'CTS-mut,A_1_20170601.afa
MH061580,3'CTS-mut,3'CTS-mut,A_1_20170601.afa
MK964514,5'NCR-del,5'NCR-del,A_6_N2_20180606.afa
MK964522,5'NCR-del,5'NCR-del,A_6_N2_20180606.afa
MK963959,5'NCR-del,5'NCR-del,A_6_N2_20180606.afa
MH134766,5'CTS-mut,5'CTS-mut,A_4_H13_20180606.afa
MH134766,5'NCR-del,5'NCR-del,A_4_H13_20180606.afa
MH134823,5'CTS-mut,5'CTS-mut,A_4_H13_20180606.afa
MH134823,5'NCR-del,5'NCR-del,A_4_H13_20180606.afa
MH134650,5'NCR-del,5'NCR-del,A_4_H13_20180606.afa
MH791846,3'CTS-mut,3'CTS-mut,A_6_N1_20170601.afa
MK692940,3'CTS-mut,3'CTS-mut,A_7_20180412.afa
MG966336,3'CTS-mut,3'CTS-mut,A_7_20180412.afa
MG966336,3'CTS-mut,3'CTS-mut,A_7_20180412.afa
MG966336,3'CTS-mut,3'CTS-mut,A_7_20180412.afa
MG966336,3'NCR-ext,3'NCR-ext,A_7_20180412.afa
MK964766,5'NCR-del,5'NCR-del,A_6_N2_20180606.afa
MH346848,CDS-3Xdel,CDS-3Xdel,A_2_20171212.afa
MK357956,5'CTS-mut,5'CTS-mut,A_7_20180412.afa
LC367388,5'CTS-mut,5'CTS-mut,A_6_N8_20171211.afa
LC379583,3'NCR-ext,3'NCR-ext,A_2_20171212.afa
MH061663,3'CTS-mut,3'CTS-mut,A_4_H1_20171212.afa
MH061786,5'CTS-mut,5'CTS-mut,A_7_20180412.afa
MH560112,5'NCR-del,5'NCR-del,A_6_N2_20180606.afa
MH560123,5'NCR-del,5'NCR-del,A_6_N2_20180606.afa
MK168498,CDS-3Xdel,CDS-3Xdel,A_6_N1_20170601.afa
LC364020,5'CTS-mut,5'CTS-mut,A_4_H9_20170601.afa
LC364020,5'CTS-mut,5'CTS-mut,A_4_H9_20170601.afa
MK445842,5'CTS-mut,5'CTS-mut,A_6_N1_20170601.afa
MK398840,5'CTS-mut,5'CTS-mut,A_6_N1_20170601.afa
MK236701,5'CTS-mut,5'CTS-mut,A_6_N8_20171211.afa
MK236701,5'CTS-mut,5'CTS-mut,A_6_N8_20171211.afa
LC431354,5'CTS-mut,5'CTS-mut,A_4_H4_20171211.afa
LC431426,5'CTS-mut,5'CTS-mut,A_2_20171212.afa
LC431426,3'CTS-mut,3'CTS-mut,A_2_20171212.afa
LC431451,5'CTS-mut,5'CTS-mut,A_3_20171212.afa
MH013213,5'CTS-mut,5'CTS-mut,A_6_N2_20180606.afa
MH592309,CDS-3Xdel,CDS-3Xdel,A_6_N1_20170601.afa
MG925520,5'CTS-mut,5'CTS-mut,A_7_20180412.afa
MG592283,CDS-3Xins,CDS-3Xins,A_4_H1_20171212.afa
MF399607,5'NCR-ext,5'NCR-ext,A_7_20180412.afa
MF399607,3'NCR-ext,3'NCR-ext,A_7_20180412.afa
MH128091,3'NCR-ext,3'NCR-ext,A_7_20180412.afa
MN083388,5'CTS-mut,5'CTS-mut,A_6_N1_20170601.afa
MN083956,5'CTS-mut,5'CTS-mut,A_6_N1_20170601.afa
MH061677,3'CTS-mut,3'CTS-mut,A_2_20171212.afa
MH061677,3'CTS-mut,3'CTS-mut,A_2_20171212.afa
MH061789,3'CTS-mut,3'CTS-mut,A_2_20171212.afa
MF399559,3'CTS-mut,3'CTS-mut,A_7_20180412.afa
MK557491,5'CTS-mut,5'CTS-mut,A_6_N1_20170601.afa
MH412292,5'NCR-ext,5'CTS-ins,A_6_N6_20171211.afa
MH412292,5'CTS-mut,5'CTS-mut,A_6_N6_20171211.afa
MH540569,5'CTS-mut,5'CTS-mut,A_6_N1_20170601.afa
LC363995,5'CTS-mut,5'CTS-mut,A_3_20171212.afa
LC363995,5'CTS-mut,5'CTS-mut,A_3_20171212.afa
MH345746,CDS-3Xdel,CDS-3Xdel,A_4_H1_20171212.afa
MF455318,3'NCR-del,3'NCR-del,A_6_N9_20171211.afa
MH701497,CDS-3Xdel,CDS-3Xdel,A_3_20171212.afa
MH061805,5'CTS-ins,3'NCR-del,A_2_20171212.afa
MH061596,3'NCR-del,3'NCR-del,A_1_20170601.afa
MH560113,5'NCR-del,5'NCR-del,A_6_N2_20180606.afa
MH701506,CDS-3Xdel,CDS-3Xdel,A_2_20171212.afa
MK077170,5'CTS-mut,5'CTS-mut,A_6_N1_20170601.afa
MK557643,5'CTS-mut,5'CTS-mut,A_6_N1_20170601.afa
MN083940,5'CTS-mut,5'CTS-mut,A_6_N1_20170601.afa
MN083329,5'CTS-mut,5'CTS-mut,A_6_N1_20170601.afa
MN083772,5'CTS-mut,5'CTS-mut,A_6_N1_20170601.afa
MN083436,5'CTS-mut,5'CTS-mut,A_6_N1_20170601.afa
MH764200,5'NCR-del,5'NCR-del,A_4_H13_20180606.afa
MK544232,Pass,Pass,A_4_H9_20170601.afa
MN267499,Pass,Pass,A_5_20181015.afa
MK237531,Pass,Pass,A_3_20171212.afa
MK557722,Pass,Pass,A_8_20180606.afa
MN001561,Pass,Pass,A_6_N2_20180606.afa
MK772943,Pass,Pass,A_6_N1_20170601.afa
MK038755,Pass,Pass,A_2_20171212.afa
MK763724,Pass,Pass,A_8_20180606.afa
MN300908,Pass,Pass,A_6_N2_20180606.afa
MK027510,Pass,Pass,A_4_H3_20180611.afa
MH733712,Pass,Pass,A_5_20181015.afa
MK745757,Pass,Pass,A_1_20170601.afa
MN538794,Pass,5'NCR-del,A_4_H1_20171212.afa
MH180741,Pass,Pass,A_2_20171212.afa
MK942485,Pass,Pass,A_4_H9_20170601.afa
MK772490,Pass,Pass,A_7_20180412.afa
MN001992,Pass,Pass,A_4_H3_20180611.afa
MN301991,Pass,Pass,A_5_20181015.afa
MN210308,Pass,Pass,A_4_H16_20180606.afa
MH596999,Pass,Pass,A_8_20180606.afa
LC431368,Pass,Pass,A_2_20171212.afa
MK913128,Pass,Pass,A_6_N2_20180606.afa
MN820024,Pass,Pass,A_1_20170601.afa
MH596984,Pass,Pass,A_3_20171212.afa
MK244795,Pass,Pass,A_4_H3_20180611.afa
MN386997,Pass,Pass,A_7_20180412.afa
MK743769,Pass,Pass,A_1_20170601.afa
MN573015,Pass,Pass,A_4_H3_20180611.afa
MH733637,Pass,Pass,A_5_20181015.afa
MG815815,Pass,Pass,A_6_N1_20170601.afa
MG575598,Pass,CDS-3Xdel,A_6_N9_20171211.afa
MK364262,Pass,Pass,A_3_20171212.afa
MH764176,Pass,Pass,A_4_H13_20180606.afa
MN424060,Pass,Pass,A_5_20181015.afa
MG784630,Pass,Pass,A_3_20171212.afa
MK559792,Pass,Pass,A_8_20180606.afa
MK677063,Pass,Pass,A_5_20181015.afa
MK168388,Pass,Pass,A_2_20171212.afa
MH233424,Pass,Pass,A_5_20181015.afa
MN221515,Pass,Pass,A_1_20170601.afa
MN607479,Pass,5'NCR-del,A_4_H1_20171212.afa
MK181842,Pass,Pass,A_3_20171212.afa
MK785812,Pass,Pass,A_3_20171212.afa
MN570342,Pass,Pass,A_1_20170601.afa
MH585875,Pass,Pass,A_3_20171212.afa
MN571983,Pass,Pass,A_4_H3_20180611.afa
MN231677,Pass,Pass,A_4_H3_20180611.afa
MN423451,Pass,Pass,A_2_20171212.afa
MK868858,Pass,Pass,A_6_N2_20180606.afa
MK763441,Pass,Pass,A_3_20171212.afa
MK960141,Pass,Pass,A_4_H3_20180611.afa
MN002793,Pass,Pass,A_8_20180606.afa
MK636436,Pass,Pass,A_7_20180412.afa
MN544235,Pass,Pass,A_6_N2_20180606.afa
MN246741,Pass,Pass,A_7_20180412.afa
MH083275,Pass,Pass,A_8_20180606.afa
MG974404,Pass,Pass,A_6_N2_20180606.afa
MG977502,Pass,Pass,A_3_20171212.afa
MK445833,Pass,Pass,A_1_20170601.afa
MN424096,Pass,Pass,A_6_N2_20180606.afa
MN703079,Pass,Pass,A_6_N3_20170628.afa
MH068182,Pass,Pass,A_1_20170601.afa
KY794630,Pass,Pass,A_7_20180412.afa
MF099274,Pass,Pass,A_5_20181015.afa
MN004729,Pass,Pass,A_3_20171212.afa
MH126521,Pass,Pass,A_4_H3_20180611.afa
MN003522,Pass,5'NCR-del,A_4_H1_20171212.afa
MN716496,Pass,Pass,A_6_N1_20170601.afa
MN248036,Pass,Pass,A_8_20180606.afa
MK553533,Pass,Pass,A_4_H9_20170601.afa
MK535409,Pass,5'NCR-del,A_5_20181015.afa
MK633588,Pass,Pass,A_5_20181015.afa
MN300701,Pass,Pass,A_7_20180412.afa
MH083258,Pass,Pass,A_7_20180412.afa
MN571073,Pass,Pass,A_6_N2_20180606.afa
MN530899,Pass,Pass,A_8_20180606.afa
MK027560,Pass,Pass,A_2_20171212.afa
MK626300,Pass,Pass,A_3_20171212.afa
MN300271,Pass,Pass,A_7_20180412.afa
MH306697,Pass,Pass,A_4_H3_20180611.afa
MK785987,Pass,Pass,A_8_20180606.afa
MG962439,Pass,Pass,A_3_20171212.afa
MN648627,Pass,Pass,A_4_H12_20170611.afa
MH894531,Pass,Pass,A_2_20171212.afa
MN004055,Pass,Pass,A_7_20180412.afa
MN221539,Pass,Pass,A_4_H3_20180611.afa
MN571712,Pass,Pass,A_7_20180412.afa
MN319355,Pass,Pass,A_6_N2_20180606.afa
MK786325,Pass,Pass,A_2_20171212.afa
MN574061,Pass,Pass,A_2_20171212.afa
MN423105,Pass,Pass,A_3_20171212.afa
MK730362,Pass,Pass,A_4_H3_20180611.afa
MH597830,Pass,Pass,A_2_20171212.afa
MK856870,Pass,Pass,A_4_H3_20180611.afa
MH665597,Pass,Pass,A_8_20180606.afa
MK623710,Pass,Pass,A_5_20181015.afa
MH183657,Pass,Pass,A_8_20180606.afa
MK633284,Pass,Pass,A_5_20181015.afa
MK869379,Pass,Pass,A_4_H3_20180611.afa
MK857567,Pass,Pass,A_1_20170601.afa
MH083244,Pass,Pass,A_3_20171212.afa
MK381895,Pass,Pass,A_2_20171212.afa
MN184600,Pass,Pass,A_6_N1_20170601.afa
MK071356,Pass,Pass,A_4_H1_20171212.afa
MN074605,Pass,Pass,A_5_20181015.afa
MK400804,Pass,Pass,A_7_20180412.afa
MN568090,Pass,Pass,A_6_N2_20180606.afa
MK615241,Pass,3'NCR-del,A_6_N1_20170601.afa
MN161693,Pass,Pass,A_3_20171212.afa
MH601579,Pass,Pass,A_5_20181015.afa
MH246195,Pass,Pass,A_6_N1_20170601.afa
MN572190,Pass,Pass,A_1_20170601.afa
MN372879,Pass,Pass,A_2_20171212.afa
MK245863,Pass,Pass,A_5_20181015.afa
MG974624,Pass,Pass,A_3_20171212.afa
MH157019,Pass,Pass,A_4_H3_20180611.afa
MK772201,Pass,Pass,A_6_N2_20180606.afa
MK265460,Pass,Pass,A_5_20181015.afa
MK676725,Pass,Pass,A_5_20181015.afa
MK856858,Pass,Pass,A_8_20180606.afa
MK635775,Pass,Pass,A_5_20181015.afa
MK328700,Pass,Pass,A_1_20170601.afa
MN572650,Pass,Pass,A_5_20181015.afa
MK731612,Pass,Pass,A_1_20170601.afa
MN530768,Pass,Pass,A_7_20180412.afa
MK786377,Pass,Pass,A_6_N1_20170601.afa
MG978473,Pass,Pass,A_8_20180606.afa
MG602527,Pass,Pass,A_7_20180412.afa
MH445462,Pass,Pass,A_4_H1_20171212.afa
MN424022,Pass,Pass,A_4_H3_20180611.afa
MN574139,Pass,Pass,A_8_20180606.afa
MH592278,Pass,Pass,A_5_20181015.afa
MN081101,Pass,Pass,A_5_20181015.afa
MH718292,Pass,Pass,A_4_H9_20170601.afa
MK246082,Pass,Pass,A_4_H1_20171212.afa
MK743583,Pass,Pass,A_3_20171212.afa
MK999645,Pass,Pass,A_7_20180412.afa
MK979088,Pass,Pass,A_4_H2_20170608.afa
MH084029,Pass,Pass,A_2_20171212.afa
MN254017,Pass,Pass,A_5_20181015.afa
MK241042,Pass,5'NCR-del,A_6_N2_20180606.afa
MH083959,Pass,Pass,A_1_20170601.afa
MG965014,Pass,Pass,A_2_20171212.afa
MH125924,Pass,Pass,A_8_20180606.afa
MK743254,Pass,Pass,A_8_20180606.afa
MK381932,Pass,Pass,A_1_20170601.afa
MN319329,Pass,Pass,A_4_H3_20180611.afa
MN002773,Pass,Pass,A_2_20171212.afa
KY615190,Pass,Pass,A_4_H3_20180611.afa
LC364015,Pass,Pass,A_7_20180412.afa
MN570077,Pass,Pass,A_2_20171212.afa
MK744810,Pass,Pass,A_1_20170601.afa
MH546449,Pass,Pass,A_2_20171212.afa
MK628082,Pass,Pass,A_5_20181015.afa
MK399166,Pass,Pass,A_1_20170601.afa
MK899409,Pass,Pass,A_1_20170601.afa
MK364177,Pass,Pass,A_6_N1_20170601.afa
MK401227,Pass,Pass,A_2_20171212.afa
MH598350,Pass,Pass,A_4_H11_20180606.afa
MK628132,Pass,Pass,A_5_20181015.afa
MK631671,Pass,Pass,A_1_20170601.afa
MK623038,Pass,Pass,A_6_N2_20180606.afa
MK600691,Pass,Pass,A_4_H9_20170601.afa
MH305726,Pass,Pass,A_6_N1_20170601.afa
MK763701,Pass,Pass,A_3_20171212.afa
MH446749,Pass,Pass,A_3_20171212.afa
MK615292,Pass,Pass,A_1_20170601.afa
MG831113,Pass,Pass,A_8_20180606.afa
MH600310,Pass,Pass,A_3_20171212.afa
MG957524,Pass,Pass,A_5_20181015.afa
MK380082,Pass,Pass,A_6_N1_20170601.afa
MN319006,Pass,Pass,A_2_20171212.afa
MK246061,Pass,Pass,A_4_H1_20171212.afa
MN084155,Pass,Pass,A_4_H3_20180611.afa
MN248025,Pass,Pass,A_5_20181015.afa
MN223336,Pass,Pass,A_2_20171212.afa
MH183764,Pass,Pass,A_3_20171212.afa
MK502951,Pass,Pass,A_1_20170601.afa
MN754194,Pass,Pass,A_6_N1_20170601.afa
MK960569,Pass,Pass,A_3_20171212.afa
MN074090,Pass,Pass,A_8_20180606.afa
MK237045,Pass,Pass,A_6_N8_20171211.afa
MK898559,Pass,Pass,A_7_20180412.afa
MK857046,Pass,Pass,A_1_20170601.afa
MN423649,Pass,Pass,A_3_20171212.afa
CY264806,Pass,Pass,A_4_H3_20180611.afa
MH079686,Pass,Pass,A_1_20170601.afa
MN302312,Pass,Pass,A_8_20180606.afa
MG836800,Pass,5'NCR-del,A_1_20170601.afa
MK557382,Pass,5'NCR-del,A_4_H1_20171212.afa
MK363332,Pass,Pass,A_7_20180412.afa
MK536043,Pass,Pass,A_8_20180606.afa
MN530685,Pass,Pass,A_6_N2_20180606.afa
MK190692,Pass,Pass,A_4_H5_20181012.afa
MK475035,Pass,Pass,A_8_20180606.afa
MN569130,Pass,Pass,A_5_20181015.afa
MN221567,Pass,Pass,A_6_N2_20180606.afa
MN301428,Pass,Pass,A_5_20181015.afa
MK326831,Pass,Pass,A_1_20170601.afa
MN400375,Pass,Pass,A_4_H1_20171212.afa
MH183911,Pass,Pass,A_7_20180412.afa
MH412352,Pass,5'CTS-del,A_5_20181015.afa
MN328327,Pass,Pass,A_4_H3_20180611.afa
MN538520,Pass,Pass,A_4_H3_20180611.afa
MK371690,Pass,Pass,A_6_N1_20170601.afa
MH305930,Pass,Pass,A_2_20171212.afa
MK626470,Pass,Pass,A_5_20181015.afa
MK772870,Pass,Pass,A_7_20180412.afa
MN552857,Pass,Pass,A_3_20171212.afa
MN003954,Pass,5'NCR-del,A_4_H1_20171212.afa
MN570614,Pass,Pass,A_1_20170601.afa
MH068297,Pass,Pass,A_6_N2_20180606.afa
MH396694,Pass,Pass,A_4_H1_20171212.afa
MN372582,Pass,Pass,A_2_20171212.afa
MH560127,Pass,Pass,A_6_N2_20180606.afa
MK246060,Pass,Pass,A_4_H1_20171212.afa
MK818000,Pass,Pass,A_6_N2_20180606.afa
MK745222,Pass,Pass,A_2_20171212.afa
MN507232,Pass,Pass,A_5_20181015.afa
MK960131,Pass,Pass,A_4_H1_20171212.afa
MK964706,Pass,Pass,A_2_20171212.afa
MK364691,Pass,5'NCR-del,A_4_H1_20171212.afa
MK553606,Pass,Pass,A_4_H9_20170601.afa
MK705277,Pass,Pass,A_4_H1_20171212.afa
MN300580,Pass,Pass,A_7_20180412.afa
MH306901,Pass,Pass,A_1_20170601.afa
MK326761,Pass,Pass,A_3_20171212.afa
MN085120,Pass,Pass,A_4_H3_20180611.afa
MK651397,Pass,Pass,A_1_20170601.afa
MK576628,Pass,Pass,A_3_20171212.afa
MK635943,Pass,Pass,A_1_20170601.afa
MN254746,Pass,Pass,A_1_20170601.afa
MH131519,Pass,Pass,A_5_20181015.afa
MH492505,Pass,Pass,A_2_20171212.afa
MN571069,Pass,Pass,A_2_20171212.afa
MK364410,Pass,Pass,A_6_N1_20170601.afa
MN154293,Pass,Pass,A_8_20180606.afa
MK623579,Pass,Pass,A_2_20171212.afa
MK398930,Pass,Pass,A_1_20170601.afa
MN318831,Pass,Pass,A_1_20170601.afa
MK129463,Pass,Pass,A_2_20171212.afa
MN424225,Pass,Pass,A_3_20171212.afa
CY266763,Pass,Pass,A_8_20180606.afa
MN004558,Pass,Pass,A_8_20180606.afa
MK328737,Pass,Pass,A_8_20180606.afa
MK960994,Pass,Pass,A_2_20171212.afa
MK398914,Pass,Pass,A_8_20180606.afa
MK763530,Pass,Pass,A_6_N2_20180606.afa
MN081052,Pass,Pass,A_5_20181015.afa
MN571775,Pass,Pass,A_4_H3_20180611.afa
MH135621,Pass,Pass,A_2_20171212.afa
MK553514,Pass,Pass,A_4_H9_20170601.afa
MK502716,Pass,Pass,A_8_20180606.afa
MH345739,Pass,Pass,A_6_N1_20170601.afa
MK364658,Pass,Pass,A_6_N1_20170601.afa
MK237711,Pass,Pass,A_2_20171212.afa
MN055035,Pass,Pass,A_7_20180412.afa
LC371785,Pass,Pass,A_3_20171212.afa
MH061602,Pass,Pass,A_7_20180412.afa
MK745694,Pass,Pass,A_2_20171212.afa
MK839833,Pass,Pass,A_2_20171212.afa
MH637772,Pass,Pass,A_5_20181015.afa
MH785017,Pass,Pass,A_2_20171212.afa
MN229864,Pass,Pass,A_5_20181015.afa
MH135336,Pass,Pass,A_7_20180412.afa
MK763253,Pass,Pass,A_5_20181015.afa
MK631607,Pass,Pass,A_1_20170601.afa
MK763034,Pass,Pass,A_4_H1_20171212.afa
MN000814,Pass,Pass,A_5_20181015.afa
MH130182,Pass,Pass,A_8_20180606.afa
MN755269,Pass,Pass,A_8_20180606.afa
MG650652,Pass,Pass,A_4_H1_20171212.afa
MH105895,Pass,Pass,A_1_20170601.afa
MK240223,Pass,5'NCR-del,A_4_H9_20170601.afa
MK868757,Pass,Pass,A_7_20180412.afa
MK401342,Pass,Pass,A_1_20170601.afa
MG745984,Pass,Pass,A_6_N2_20180606.afa
MK729976,Pass,Pass,A_2_20171212.afa
CY264263,Pass,Pass,A_8_20180606.afa
MG964439,Pass,Pass,A_3_20171212.afa
MN424091,Pass,Pass,A_2_20171212.afa
MH499160,Pass,Pass,A_4_H13_20180606.afa
MK271222,Pass,Pass,A_2_20171212.afa
MN703036,Pass,Pass,A_3_20171212.afa
MN054507,Pass,Pass,A_4_H1_20171212.afa
MN083588,Pass,Pass,A_7_20180412.afa
MK624031,Pass,Pass,A_2_20171212.afa
MN230037,Pass,Pass,A_2_20171212.afa
MK772298,Pass,Pass,A_4_H3_20180611.afa
MK535817,Pass,Pass,A_6_N2_20180606.afa
MN569174,Pass,Pass,A_1_20170601.afa
MK745561,Pass,Pass,A_5_20181015.afa
MK927417,Pass,Pass,A_5_20181015.afa
MH733659,Pass,Pass,A_4_H9_20170601.afa
MF955276,Pass,Pass,A_4_H3_20180611.afa
MK381149,Pass,Pass,A_1_20170601.afa
MN573396,Pass,Pass,A_3_20171212.afa
MK168424,Pass,Pass,A_2_20171212.afa
MH371213,Pass,Pass,A_6_N2_20180606.afa
MH802613,Pass,Pass,A_4_H1_20171212.afa
MK772618,Pass,Pass,A_7_20180412.afa
MN170123,Pass,Pass,A_5_20181015.afa
MN819900,Pass,Pass,A_5_20181015.afa
MN410855,Pass,Pass,A_2_20171212.afa
MH083815,Pass,Pass,A_7_20180412.afa
MK267272,Pass,Pass,A_6_N2_20180606.afa
MK557329,Pass,Pass,A_7_20180412.afa
MK071223,Pass,Pass,A_8_20180606.afa
CY264652,Pass,Pass,A_7_20180412.afa
MF112554,Pass,Pass,A_4_H5_20181012.afa
MH233658,Pass,Pass,A_2_20171212.afa
MH578749,Pass,Pass,A_3_20171212.afa
MK212634,Pass,Pass,A_5_20181015.afa
MN247343,Pass,Pass,A_6_N2_20180606.afa
MN568870,Pass,Pass,A_1_20170601.afa
MH131291,Pass,Pass,A_2_20171212.afa
MK772656,Pass,Pass,A_8_20180606.afa
MN569987,Pass,Pass,A_8_20180606.afa
MK633538,Pass,Pass,A_7_20180412.afa
MN000835,Pass,Pass,A_3_20171212.afa
MK626270,Pass,Pass,A_5_20181015.afa
LC426774,Pass,Pass,A_8_20180606.afa
MN230073,Pass,Pass,A_6_N1_20170601.afa
MK964660,Pass,Pass,A_7_20180412.afa
MN648535,Pass,Pass,A_4_H3_20180611.afa
MN253897,Pass,Pass,A_6_N3_20170628.afa
MH598306,Pass,Pass,A_8_20180606.afa
MN530727,Pass,Pass,A_7_20180412.afa
MN254551,Pass,Pass,A_2_20171212.afa
MK398331,Pass,Pass,A_3_20171212.afa
MN574121,Pass,Pass,A_6_N2_20180606.afa
MN568576,Pass,Pass,A_7_20180412.afa
MH125734,Pass,Pass,A_8_20180606.afa
MH701622,Pass,Pass,A_6_N1_20170601.afa
MK744009,Pass,Pass,A_6_N1_20170601.afa
MN002243,Pass,Pass,A_3_20171212.afa
MN074798,Pass,Pass,A_8_20180606.afa
MF173216,Pass,Pass,A_5_20181015.afa
MK553867,Pass,Pass,A_4_H9_20170601.afa
MK555118,Pass,Pass,A_8_20180606.afa
MN655801,Pass,Pass,A_4_H3_20180611.afa
MH425122,Pass,Pass,A_3_20171212.afa
MH669608,Pass,Pass,A_1_20170601.afa
MK109384,Pass,Pass,A_3_20171212.afa
MK745148,Pass,Pass,A_5_20181015.afa
MN703063,Pass,Pass,A_6_N7_20180609.afa
MG964367,Pass,Pass,A_3_20171212.afa
MK553555,Pass,Pass,A_4_H9_20170601.afa
MK077464,Pass,Pass,A_4_H3_20180611.afa
MK839375,Pass,Pass,A_6_N1_20170601.afa
MN000514,Pass,Pass,A_6_N2_20180606.afa
MK576886,Pass,Pass,A_8_20180606.afa
MN074544,Pass,Pass,A_2_20171212.afa
MK627884,Pass,Pass,A_7_20180412.afa
MN571872,Pass,Pass,A_7_20180412.afa
MG831156,Pass,Pass,A_2_20171212.afa
MH083503,Pass,Pass,A_1_20170601.afa
MN574147,Pass,Pass,A_8_20180606.afa
MN002273,Pass,Pass,A_5_20181015.afa
MK743292,Pass,Pass,A_6_N1_20170601.afa
MK380836,Pass,Pass,A_7_20180412.afa
MH667570,Pass,Pass,A_2_20171212.afa
MN304289,Pass,Pass,A_1_20170601.afa
MH246311,Pass,Pass,A_4_H3_20180611.afa
MH600723,Pass,3'NCR-del,A_6_N2_20180606.afa
MH443642,Pass,Pass,A_8_20180606.afa
MH791796,Pass,Pass,A_5_20181015.afa
MK786278,Pass,Pass,A_1_20170601.afa
MN716544,Pass,5'NCR-del,A_4_H1_20171212.afa
MG957201,Pass,Pass,A_4_H9_20170601.afa
MH601587,Pass,Pass,A_5_20181015.afa
MK763095,Pass,Pass,A_7_20180412.afa
MG763288,Pass,Pass,A_6_N2_20180606.afa
MF173263,Pass,Pass,A_2_20171212.afa
AB598524,Pass,Pass,A_8_20180606.afa
MN530676,Pass,Pass,A_6_N2_20180606.afa
MH546560,Pass,5'NCR-del,A_1_20170601.afa
MN301718,Pass,Pass,A_5_20181015.afa
MF399651,Pass,Pass,A_3_20171212.afa
MH492601,Pass,Pass,A_2_20171212.afa
MF098957,Pass,Pass,A_1_20170601.afa
MK960189,Pass,Pass,A_6_N1_20170601.afa
MG831140,Pass,Pass,A_3_20171212.afa
MH601494,Pass,Pass,A_8_20180606.afa
MK268571,Pass,3'NCR-del,A_6_N2_20180606.afa
MK623151,Pass,Pass,A_7_20180412.afa
MK633574,Pass,Pass,A_3_20171212.afa
MN254339,Pass,Pass,A_3_20171212.afa
MH444858,Pass,Pass,A_6_N1_20170601.afa
MG662681,Pass,Pass,A_7_20180412.afa
MK109698,Pass,Pass,A_1_20170601.afa
MH845715,Pass,Pass,A_3_20171212.afa
MH127224,Pass,Pass,A_5_20181015.afa
MH083352,Pass,Pass,A_7_20180412.afa
MH246302,Pass,Pass,A_7_20180412.afa
MK601040,Pass,Pass,A_4_H9_20170601.afa
MN177014,Pass,Pass,A_5_20181015.afa
MN422961,Pass,Pass,A_3_20171212.afa
MN424279,Pass,Pass,A_5_20181015.afa
MK818065,Pass,5'NCR-del,A_5_20181015.afa
MG965232,Pass,Pass,A_4_H5_20181012.afa
MK382312,Pass,Pass,A_2_20171212.afa
MN055116,Pass,Pass,A_2_20171212.afa
MN819853,Pass,Pass,A_7_20180412.afa
CY264386,Pass,Pass,A_5_20181015.afa
MH425060,Pass,Pass,A_1_20170601.afa
MK027691,Pass,Pass,A_4_H3_20180611.afa
MH083923,Pass,Pass,A_2_20171212.afa
MK979287,Pass,Pass,A_3_20171212.afa
MK552568,Pass,Pass,A_4_H9_20170601.afa
MH233476,Pass,Pass,A_1_20170601.afa
MH602170,Pass,Pass,A_5_20181015.afa
MK744327,Pass,Pass,A_3_20171212.afa
MH669624,Pass,Pass,A_1_20170601.afa
MH898132,Pass,Pass,A_7_20180412.afa
MK380186,Pass,Pass,A_2_20171212.afa
MK502462,Pass,Pass,A_2_20171212.afa
MK345910,Pass,Pass,A_2_20171212.afa
MK636126,Pass,Pass,A_5_20181015.afa
CY266858,Pass,Pass,A_5_20181015.afa
MN301692,Pass,Pass,A_5_20181015.afa
MN319310,Pass,Pass,A_4_H3_20180611.afa
MK601306,Pass,Pass,A_4_H9_20170601.afa
MK788279,Pass,Pass,A_4_H9_20170601.afa
MH396575,Pass,Pass,A_6_N2_20180606.afa
MK868733,Pass,Pass,A_4_H3_20180611.afa
MH083399,Pass,Pass,A_6_N1_20170601.afa
MH578652,Pass,Pass,A_5_20181015.afa
MN568381,Pass,Pass,A_2_20171212.afa
MH601172,Pass,Pass,A_3_20171212.afa
MK240726,Pass,Pass,A_3_20171212.afa
MK927581,Pass,Pass,A_3_20171212.afa
MK999423,Pass,Pass,A_7_20180412.afa
MK182056,Pass,Pass,A_5_20181015.afa
MK869369,Pass,Pass,A_2_20171212.afa
MK536257,Pass,Pass,A_6_N1_20170601.afa
MK927421,Pass,Pass,A_5_20181015.afa
MH083866,Pass,Pass,A_1_20170601.afa
MN074385,Pass,Pass,A_1_20170601.afa
MN572475,Pass,Pass,A_8_20180606.afa
MH306764,Pass,Pass,A_1_20170601.afa
MK855567,Pass,Pass,A_1_20170601.afa
MH546534,Pass,Pass,A_7_20180412.afa
MN638435,Pass,Pass,A_7_20180412.afa
MH501679,Pass,Pass,A_2_20171212.afa
MN424146,Pass,Pass,A_7_20180412.afa
MH352299,Pass,Pass,A_3_20171212.afa
MK786176,Pass,Pass,A_7_20180412.afa
MK363688,Pass,Pass,A_1_20170601.afa
MH597369,Pass,Pass,A_8_20180606.afa
MK576824,Pass,Pass,A_2_20171212.afa
MH359782,Pass,5'NCR-del,A_4_H1_20171212.afa
MH359798,Pass,Pass,A_8_20180606.afa
MN246608,Pass,Pass,A_2_20171212.afa
MN568086,Pass,Pass,A_3_20171212.afa
LC497161,Pass,Pass,A_4_H9_20170601.afa
MK381946,Pass,Pass,A_1_20170601.afa
MN384775,Pass,Pass,A_3_20171212.afa
KJ907636,Pass,Pass,A_1_20170601.afa
MG784573,Pass,Pass,A_8_20180606.afa
MH305893,Pass,Pass,A_5_20181015.afa
MN396706,Pass,Pass,A_8_20180606.afa
MH246194,Pass,Pass,A_7_20180412.afa
MH410505,Pass,Pass,A_4_H3_20180611.afa
MK576309,Pass,Pass,A_7_20180412.afa
MK401423,Pass,Pass,A_4_H3_20180611.afa
MK677394,Pass,Pass,A_7_20180412.afa
MK964783,Pass,Pass,A_5_20181015.afa
MK071296,Pass,Pass,A_4_H5_20181012.afa
MK898510,Pass,Pass,A_5_20181015.afa
MN826660,Pass,Pass,A_7_20180412.afa
MH125646,Pass,Pass,A_8_20180606.afa
MH798123,Pass,Pass,A_3_20171212.afa
MN754172,Pass,Pass,A_8_20180606.afa
MH126155,Pass,Pass,A_3_20171212.afa
MK398539,Pass,Pass,A_8_20180606.afa
MK995753,Pass,Pass,A_8_20180606.afa
MH501469,Pass,Pass,A_8_20180606.afa
MK364443,Pass,5'NCR-del,A_4_H1_20171212.afa
MN004268,Pass,Pass,A_1_20170601.afa
MN574107,Pass,Pass,A_8_20180606.afa
MH764073,Pass,Pass,A_3_20171212.afa
LC371838,Pass,Pass,A_8_20180606.afa
MH307342,Pass,Pass,A_3_20171212.afa
MH233516,Pass,Pass,A_1_20170601.afa
MK400736,Pass,Pass,A_4_H1_20171212.afa
MN222508,Pass,Pass,A_6_N2_20180606.afa
MN001222,Pass,Pass,A_8_20180606.afa
KY935557,Pass,Pass,A_5_20181015.afa
MG978635,Pass,Pass,A_7_20180412.afa
MK818083,Pass,Pass,A_3_20171212.afa
MN084813,Pass,Pass,A_1_20170601.afa
MH125803,Pass,Pass,A_3_20171212.afa
MK401241,Pass,Pass,A_2_20171212.afa
MG309860,Pass,Pass,A_4_H3_20180611.afa
MK364565,Pass,Pass,A_6_N1_20170601.afa
MH598099,Pass,Pass,A_6_N7_20180609.afa
MK557349,Pass,Pass,A_7_20180412.afa
MK623510,Pass,Pass,A_5_20181015.afa
MN004015,Pass,Pass,A_2_20171212.afa
MH061500,5'NCR-ext,5'CTS-ins,A_1_20170601.afa
MH061500,5'CTS-mut,5'CTS-mut,A_1_20170601.afa
MG781101,3'CTS-mut,3'CTS-mut,A_7_20180412.afa
MG781101,3'CTS-mut,3'CTS-mut,A_7_20180412.afa
MG781101,3'CTS-mut,3'CTS-mut,A_7_20180412.afa
MG781101,3'CTS-mut,3'CTS-mut,A_7_20180412.afa
MH744650,3'CTS-mut,3'CTS-mut,A_3_20171212.afa
MH744650,3'CTS-mut,3'CTS-mut,A_3_20171212.afa
MH560246,CDS-3Xdel,CDS-3Xdel,A_1_20170601.afa
MH798598,3'NCR-del,Pass,A_4_H3_20180611.afa
LC374944,5'CTS-mut,5'CTS-mut,A_4_H9_20170601.afa
LC374944,5'CTS-mut,5'CTS-mut,A_4_H9_20170601.afa
LC431436,3'CTS-mut,3'CTS-mut,A_4_H3_20180611.afa
LC431436,3'CTS-mut,3'CTS-mut,A_4_H3_20180611.afa
MF399664,5'NCR-ext,5'NCR-ext,A_8_20180606.afa
MF399664,5'CTS-mut,5'CTS-mut,A_8_20180606.afa
MF399664,3'NCR-ext,3'NCR-ext,A_8_20180606.afa
MH682206,CDS-3Xins,Unknown,Unknown
MH682206,CDS-3Xdel,Unknown,Unknown
MH682206,CDS-3Xdel,Unknown,Unknown
MH682206,CDS-3Xdel,Unknown,Unknown
MH682206,CDS-ins,Unknown,Unknown
MH682206,CDS-ins,Unknown,Unknown
MF399543,5'NCR-ext,5'NCR-ext,A_7_20180412.afa
MF399543,3'NCR-ext,3'NCR-ext,A_7_20180412.afa
MK181937,5'CTS-mut,5'CTS-mut,A_6_N1_20170601.afa
MG957544,3'CTS-mut,3'CTS-mut,A_6_N1_20170601.afa
LC367420,3'CTS-mut,3'CTS-del,A_6_N4_20171211.afa
MH246147,5'CTS-mut,5'CTS-mut,A_6_N1_20170601.afa
MH560115,5'CTS-mut,5'CTS-mut,A_6_N2_20180606.afa
MH029129,5'NCR-ext,5'NCR-ext,A_1_20170601.afa
MH029129,5'CTS-mut,5'CTS-mut,A_1_20170601.afa
MH029129,5'CTS-mut,5'CTS-mut,A_1_20170601.afa
MH029129,CDS-3Xdel,CDS-3Xdel,A_1_20170601.afa
MH029129,CDS-3Xdel,CDS-3Xdel,A_1_20170601.afa
MH029129,CDS-3Xdel,CDS-3Xdel,A_1_20170601.afa
MG836749,3'CTS-mut,3'CTS-mut,A_6_N2_20180606.afa
MG836792,5'NCR-del,5'NCR-del,A_1_20170601.afa
MH061677,3'NCR-del,3'NCR-del,A_2_20171212.afa
MH061677,3'CTS-del,3'CTS-del,A_2_20171212.afa
MF694134,5'NCR-del,5'NCR-del,A_4_H16_20180606.afa
LC374928,5'CTS-mut,5'CTS-mut,A_4_H9_20170601.afa
LC374928,5'CTS-mut,5'CTS-mut,A_4_H9_20170601.afa
LC374928,5'CTS-mut,5'CTS-mut,A_4_H9_20170601.afa
MH013214,3'CTS-mut,3'CTS-ins,A_7_20180412.afa
MH013214,3'NCR-ext,3'CTS-ins,A_7_20180412.afa
MH540423,5'CTS-mut,5'CTS-mut,A_6_N1_20170601.afa
MH411893,5'NCR-ext,5'CTS-ins,A_6_N6_20171211.afa
MH411893,5'CTS-mut,5'CTS-ins,A_6_N6_20171211.afa
MK077186,5'CTS-mut,5'CTS-mut,A_6_N1_20170601.afa
MK077226,5'CTS-mut,5'CTS-mut,A_6_N1_20170601.afa
MK077291,5'CTS-mut,5'CTS-mut,A_6_N1_20170601.afa
MH134676,5'NCR-del,5'NCR-del,A_4_H13_20180606.afa
MK025717,5'CTS-mut,5'CTS-mut,A_6_N1_20170601.afa
MK265604,5'CTS-mut,5'CTS-mut,A_6_N1_20170601.afa
MH029129,CDS-3Xdel,CDS-3Xdel,A_1_20170601.afa
MK557216,5'CTS-mut,5'CTS-mut,A_6_N1_20170601.afa
MK557467,5'CTS-mut,5'CTS-mut,A_6_N1_20170601.afa
MK557579,5'CTS-mut,5'CTS-mut,A_6_N1_20170601.afa
MK963177,5'NCR-del,5'NCR-del,A_6_N2_20180606.afa
MK963245,5'NCR-del,5'NCR-del,A_6_N2_20180606.afa
MK963635,5'NCR-del,5'NCR-del,A_6_N2_20180606.afa
KY935555,3'CTS-del,3'CTS-ins,A_4_H3_20180611.afa
KY935555,3'CTS-mut,3'CTS-mut,A_4_H3_20180611.afa
KY935555,3'CTS-mut,3'CTS-mut,A_4_H3_20180611.afa
KY935555,3'NCR-ext,3'CTS-ins,A_4_H3_20180611.afa
MK376985,5'NCR-del,5'NCR-del,A_4_H13_20180606.afa
MK212789,CDS-3Xdel,CDS-3Xdel,A_4_H3_20180611.afa
MK212789,3'NCR-del,3'NCR-del,A_4_H3_20180611.afa
MK212789,3'CTS-mut,3'CTS-mut,A_4_H3_20180611.afa
MK364652,5'CTS-mut,5'CTS-mut,A_6_N1_20170601.afa
MK363979,5'CTS-mut,5'CTS-mut,A_6_N1_20170601.afa
MK398752,5'CTS-mut,5'CTS-mut,A_6_N1_20170601.afa
MK398896,5'CTS-mut,5'CTS-mut,A_6_N1_20170601.afa
MK358011,3'CTS-del,3'CTS-mut,A_6_N3_20170628.afa
MK358011,3'CTS-mut,3'CTS-mut,A_6_N3_20170628.afa
MK964317,5'NCR-del,5'NCR-del,A_6_N2_20180606.afa
MH588106,5'NCR-ext,5'NCR-ext,A_2_20171212.afa
MH588106,5'CTS-ins,5'CTS-ins,A_2_20171212.afa
LC208496,5'CTS-mut,5'CTS-mut,A_3_20171212.afa
LC208496,5'CTS-mut,5'CTS-mut,A_3_20171212.afa
LC374932,5'CTS-mut,5'CTS-mut,A_3_20171212.afa
MH061691,3'NCR-del,3'NCR-del,A_8_20180606.afa
MK943150,5'NCR-del,5'NCR-del,A_6_N2_20180606.afa
MH498590,CDS-del,5'NCR-del,A_2_20171212.afa
MH842389,CDS-3Xdel,CDS-3Xdel,A_4_H3_20180611.afa
MF173286,5'CTS-mut,5'CTS-mut,A_4_H3_20180611.afa
MK364720,5'CTS-mut,5'CTS-mut,A_6_N1_20170601.afa
MH546413,3'CTS-mut,5'NCR-del,A_6_N2_20180606.afa
MF399631,3'CTS-mut,3'CTS-mut,A_7_20180412.afa
MH061717,5'CTS-mut,5'CTS-mut,A_2_20171212.afa
MH375876,3'CTS-mut,3'CTS-del,A_4_H9_20170601.afa
MF099262,5'CTS-mut,5'CTS-mut,A_4_H13_20180606.afa
MF099262,5'NCR-del,5'NCR-del,A_4_H13_20180606.afa
MH578879,CDS-ins,CDS-ins,A_2_20171212.afa
MH578879,CDS-del,CDS-del,A_2_20171212.afa
MH560124,5'NCR-del,5'NCR-del,A_6_N2_20180606.afa
MH134844,5'NCR-del,5'NCR-del,A_4_H13_20180606.afa
MH682214,CDS-3Xins,Unknown,Unknown
MH682214,CDS-3Xdel,Unknown,Unknown
MH682214,CDS-3Xdel,Unknown,Unknown
MH682214,CDS-3Xdel,Unknown,Unknown
MH682214,CDS-ins,Unknown,Unknown
MH682214,CDS-ins,Unknown,Unknown
MG836784,5'NCR-del,5'NCR-del,A_1_20170601.afa
MG836784,3'CTS-mut,3'CTS-mut,A_1_20170601.afa
MH061703,3'NCR-del,3'NCR-del,A_4_H3_20180611.afa
MH061703,3'CTS-del,3'CTS-del,A_4_H3_20180611.afa
MH061703,3'NCR-ext,3'NCR-ext,A_4_H3_20180611.afa
MH061676,CDS-3Xdel,CDS-3Xdel,A_1_20170601.afa
MK475320,5'CTS-mut,5'CTS-mut,A_6_N1_20170601.afa
LC431385,5'CTS-mut,5'CTS-mut,A_3_20171212.afa
LC208512,5'CTS-mut,5'CTS-mut,A_3_20171212.afa
MH183735,5'CTS-mut,5'CTS-mut,A_6_N1_20170601.afa
MH183688,5'CTS-mut,5'CTS-mut,A_6_N1_20170601.afa
MH071500,5'NCR-ext,5'NCR-ext,A_6_N7_20180609.afa
MH071500,5'CTS-mut,5'CTS-mut,A_6_N7_20180609.afa
MH071500,5'CTS-mut,5'CTS-mut,A_6_N7_20180609.afa
MH578718,CDS-3Xdel,CDS-3Xdel,A_3_20171212.afa
MK077250,5'CTS-mut,5'CTS-mut,A_6_N1_20170601.afa
MK168521,CDS-3Xdel,CDS-3Xdel,A_3_20171212.afa
MK265564,5'CTS-mut,5'CTS-mut,A_6_N1_20170601.afa
MH134619,5'NCR-del,5'NCR-del,A_4_H13_20180606.afa
MH596995,5'NCR-del,5'NCR-del,A_4_H13_20180606.afa
MK245912,5'CTS-mut,5'CTS-mut,A_6_N1_20170601.afa
MK245816,5'CTS-mut,5'CTS-mut,A_6_N1_20170601.afa
MG572491,3'CTS-mut,3'CTS-mut,A_7_20180412.afa
MK556979,5'CTS-mut,5'CTS-mut,A_6_N1_20170601.afa
MK963412,5'NCR-del,5'NCR-del,A_6_N2_20180606.afa
MK963811,5'NCR-del,5'NCR-del,A_6_N2_20180606.afa
MK964277,5'NCR-del,5'NCR-del,A_6_N2_20180606.afa
MK964375,5'NCR-del,5'NCR-del,A_6_N2_20180606.afa
MK964409,5'NCR-del,5'NCR-del,A_6_N2_20180606.afa
MH061847,3'CTS-mut,3'CTS-mut,A_4_H1_20171212.afa
MH588109,5'NCR-ext,5'NCR-ext,A_2_20171212.afa
MH588109,5'CTS-ins,5'CTS-ins,A_2_20171212.afa
MH283607,CDS-del,Pass,A_5_20181015.afa
MK972684,CDS-3Xdel,CDS-3Xdel,A_6_N1_20170601.afa
MK978896,3'CTS-mut,3'CTS-mut,A_4_H10_20170611.afa
MK978896,3'CTS-mut,3'CTS-mut,A_4_H10_20170611.afa
MN083444,5'CTS-mut,5'CTS-mut,A_6_N1_20170601.afa
MH283607,CDS-ins,Pass,A_5_20181015.afa
MH061767,3'CTS-mut,3'CTS-mut,A_4_H1_20171212.afa
MH061815,3'CTS-mut,3'CTS-mut,A_4_H1_20171212.afa
MH346629,CDS-3Xdel,CDS-3Xdel,A_1_20170601.afa
MG592287,CDS-3Xins,CDS-3Xins,A_4_H1_20171212.afa
MH061833,3'CTS-mut,3'CTS-mut,A_6_N2_20180606.afa
MF173170,5'CTS-mut,5'CTS-mut,A_4_H3_20180611.afa
MH682200,CDS-del,CDS-del,A_1_20170601.afa
MK942891,5'NCR-del,5'NCR-del,A_6_N2_20180606.afa
LC431431,5'CTS-mut,5'CTS-mut,A_7_20180412.afa
LC431487,5'CTS-mut,5'CTS-mut,A_7_20180412.afa
KY935522,3'CTS-del,3'CTS-mut,A_8_20180606.afa
KY935522,3'CTS-mut,3'CTS-mut,A_8_20180606.afa
KY935522,3'CTS-mut,3'CTS-mut,A_8_20180606.afa
KY935522,3'CTS-mut,3'CTS-mut,A_8_20180606.afa
KY935522,3'NCR-ext,3'CTS-mut,A_8_20180606.afa
MH128090,3'CTS-mut,3'CTS-mut,A_8_20180606.afa
MH128090,3'NCR-ext,3'CTS-ins,A_8_20180606.afa
MN252199,CDS-del,Pass,A_6_N1_20170601.afa
MF399623,5'NCR-ext,5'NCR-ext,A_7_20180412.afa
MF399623,3'NCR-ext,3'NCR-ext,A_7_20180412.afa
MG984009,5'CTS-mut,5'CTS-mut,A_4_H9_20170601.afa
MF575201,5'NCR-del,5'NCR-del,A_4_H13_20180606.afa
MH682210,CDS-del,CDS-del,A_3_20171212.afa
MH682210,CDS-del,CDS-del,A_3_20171212.afa
MH682210,CDS-del,CDS-del,A_3_20171212.afa
MH682210,CDS-ins,CDS-ins,A_3_20171212.afa
KU679931,3'NCR-ext,3'NCR-ext,A_2_20171212.afa
MK462862,5'NCR-del,5'NCR-del,A_4_H1_20171212.afa
MH061556,5'NCR-del,5'NCR-del,A_1_20170601.afa
MH061583,5'CTS-mut,5'CTS-mut,A_4_H1_20171212.afa
MH061583,3'CTS-mut,3'CTS-mut,A_4_H1_20171212.afa
MH061655,3'CTS-mut,3'CTS-mut,A_4_H1_20171212.afa
MH546539,CDS-ins,5'NCR-ins,A_4_H5_20181012.afa
LC431416,3'NCR-ins,3'NCR-ins,A_3_20171212.afa
LC208487,3'CTS-mut,3'CTS-mut,A_2_20171212.afa
LC208487,3'CTS-mut,3'CTS-mut,A_2_20171212.afa
LC208508,5'CTS-mut,5'CTS-mut,A_4_H9_20170601.afa
MG882007,3'CTS-mut,3'CTS-mut,A_4_H9_20170601.afa
MK364161,5'CTS-mut,5'CTS-mut,A_6_N1_20170601.afa
MK292573,5'CTS-mut,5'CTS-mut,A_6_N1_20170601.afa
MK245944,5'CTS-mut,5'CTS-mut,A_6_N1_20170601.afa
MK265588,5'CTS-mut,5'CTS-mut,A_6_N1_20170601.afa
MK265660,5'CTS-mut,5'CTS-mut,A_6_N1_20170601.afa
MK462515,CDS-3Xins,CDS-3Xins,A_4_H1_20171212.afa
MH346943,CDS-3Xdel,CDS-3Xdel,A_2_20171212.afa
MK963549,5'NCR-del,5'NCR-del,A_6_N2_20180606.afa
MK265537,5'CTS-mut,5'CTS-mut,A_6_N1_20170601.afa
MK364097,5'CTS-mut,5'CTS-mut,A_6_N1_20170601.afa
MK364630,5'CTS-mut,5'CTS-mut,A_6_N1_20170601.afa
MG693001,3'NCR-ext,3'NCR-ext,A_4_H3_20180611.afa
MF630431,CDS-3Xdel,CDS-3Xdel,A_6_N9_20171211.afa
MH013199,3'CTS-mut,3'CTS-ins,A_8_20180606.afa
MH013199,3'NCR-ext,3'CTS-ins,A_8_20180606.afa
MK964441,5'NCR-del,5'NCR-del,A_6_N2_20180606.afa
MK964718,5'NCR-del,5'NCR-del,A_6_N2_20180606.afa
MH560107,5'NCR-del,5'NCR-del,A_6_N2_20180606.afa
MF399551,5'NCR-ext,5'NCR-ext,A_7_20180412.afa
MF399551,3'NCR-ext,3'NCR-ext,A_7_20180412.afa
MH061799,3'CTS-mut,3'CTS-mut,A_4_H1_20171212.afa
MH352254,CDS-del,CDS-del,A_8_20180606.afa
MK556859,5'CTS-mut,5'CTS-mut,A_6_N1_20170601.afa
MG779872,5'CTS-mut,5'CTS-del,A_8_20180606.afa
MK676592,5'CTS-mut,5'CTS-mut,A_6_N1_20170601.afa
MK676670,5'CTS-mut,5'CTS-mut,A_6_N1_20170601.afa
MH061682,5'CTS-mut,5'CTS-mut,A_7_20180412.afa
MH061637,3'NCR-del,3'NCR-del,A_2_20171212.afa
MH061637,3'CTS-mut,3'CTS-mut,A_2_20171212.afa
MH061637,3'CTS-mut,3'CTS-mut,A_2_20171212.afa
MF098827,5'CTS-mut,5'CTS-mut,A_4_H3_20180611.afa
MH560111,5'NCR-del,5'NCR-del,A_6_N2_20180606.afa
MH356639,5'NCR-del,5'NCR-del,A_4_H1_20171212.afa
MH356645,5'NCR-del,5'NCR-del,A_4_H1_20171212.afa
LC369571,3'NCR-ext,3'NCR-ext,A_2_20171212.afa
MH791465,5'CTS-mut,5'CTS-mut,A_6_N1_20170601.afa
MN552872,5'CTS-mut,5'CTS-mut,A_6_N1_20170601.afa
MK558880,5'CTS-mut,5'CTS-mut,A_6_N1_20170601.afa
MK544184,CDS-del,CDS-del,A_4_H9_20170601.afa
MH682202,CDS-del,CDS-del,A_3_20171212.afa
MH682202,CDS-del,CDS-del,A_3_20171212.afa
MH682202,CDS-del,CDS-del,A_3_20171212.afa
MH682202,CDS-ins,CDS-ins,A_3_20171212.afa
MH061516,3'CTS-mut,3'CTS-mut,A_1_20170601.afa
MH560120,5'NCR-del,5'NCR-del,A_6_N2_20180606.afa
LC208488,5'CTS-mut,5'CTS-mut,A_3_20171212.afa
LC208500,5'CTS-mut,5'CTS-mut,A_4_H9_20170601.afa
LC208500,5'CTS-mut,5'CTS-mut,A_4_H9_20170601.afa
LC208500,5'CTS-mut,5'CTS-mut,A_4_H9_20170601.afa
LC208500,CDS-3Xdel,CDS-3Xdel,A_4_H9_20170601.afa
MG669376,3'CTS-mut,3'CTS-mut,A_8_20180606.afa
MG669376,3'CTS-mut,3'CTS-mut,A_8_20180606.afa
MN252200,CDS-del,Pass,A_6_N1_20170601.afa
MK635985,CDS-del,CDS-del,A_2_20171212.afa
LC367361,5'CTS-mut,5'CTS-mut,A_3_20171212.afa
LC367497,5'CTS-mut,5'CTS-mut,A_3_20171212.afa
MH233630,5'CTS-mut,5'CTS-mut,A_6_N1_20170601.afa
MH597108,5'NCR-del,5'NCR-del,A_4_H13_20180606.afa
MG836824,3'CTS-mut,3'CTS-mut,A_1_20170601.afa
MK077234,5'CTS-mut,5'CTS-mut,A_6_N1_20170601.afa
MK077242,5'CTS-mut,5'CTS-mut,A_6_N1_20170601.afa
CY263376,5'CTS-mut,5'CTS-mut,A_6_N1_20170601.afa
LC371778,5'CTS-mut,5'CTS-del,A_4_H4_20171211.afa
MN061199,5'CTS-mut,5'CTS-mut,A_8_20180606.afa
MN566038,CDS-del,CDS-del,A_6_N6_20171211.afa
MN566038,CDS-del,CDS-del,A_6_N6_20171211.afa
MK168545,5'CTS-mut,5'CTS-mut,A_6_N1_20170601.afa
MK168545,CDS-3Xdel,CDS-3Xdel,A_6_N1_20170601.afa
MK265556,5'CTS-mut,5'CTS-mut,A_6_N1_20170601.afa
MH134672,5'NCR-ins,5'NCR-ins,A_6_N2_20180606.afa
MH134905,5'NCR-ins,5'NCR-ins,A_6_N2_20180606.afa
MK025733,5'CTS-mut,5'CTS-mut,A_6_N1_20170601.afa
MG572479,3'NCR-del,3'NCR-del,A_2_20171212.afa
MK963674,5'NCR-del,5'NCR-del,A_6_N2_20180606.afa
LC364326,5'CTS-mut,5'CTS-mut,A_1_20170601.afa
MK964253,5'NCR-del,5'NCR-del,A_6_N2_20180606.afa
MK964309,5'NCR-del,5'NCR-del,A_6_N2_20180606.afa
MH446651,5'CTS-mut,5'CTS-mut,A_6_N1_20170601.afa
MK963760,5'NCR-del,5'NCR-del,A_6_N2_20180606.afa
MF399575,5'NCR-ext,5'NCR-ext,A_7_20180412.afa
MF399575,3'NCR-ext,3'NCR-ext,A_7_20180412.afa
MF399591,5'NCR-ext,5'NCR-ext,A_7_20180412.afa
MF399591,3'NCR-ext,3'NCR-ext,A_7_20180412.afa
MH061709,5'CTS-mut,5'CTS-mut,A_2_20171212.afa
MH061772,5'NCR-del,5'NCR-del,A_1_20170601.afa
MH061772,3'CTS-mut,3'CTS-mut,A_1_20170601.afa
MH356652,CDS-ins,CDS-ins,A_6_N1_20170601.afa
MH356652,CDS-ins,CDS-ins,A_6_N1_20170601.afa
MN083556,5'CTS-mut,5'CTS-mut,A_6_N1_20170601.afa
MH061801,3'CTS-mut,3'CTS-mut,A_6_N2_20180606.afa
LC364296,5'CTS-mut,5'CTS-mut,A_3_20171212.afa
MF099397,5'NCR-del,Pass,A_4_H1_20171212.afa
MH359856,5'CTS-mut,5'CTS-mut,A_6_N1_20170601.afa
MH791669,3'CTS-mut,3'CTS-mut,A_6_N1_20170601.afa
MH105297,3'NCR-del,3'NCR-del,A_6_N2_20180606.afa
MK554069,CDS-del,CDS-del,A_4_H9_20170601.afa
MN083403,5'CTS-mut,5'CTS-mut,A_6_N1_20170601.afa
MH791598,3'CTS-mut,3'CTS-mut,A_6_N1_20170601.afa
MN570649,3'CTS-mut,3'CTS-mut,A_6_N2_20180606.afa
MH127648,CDS-del,CDS-del,A_3_20171212.afa
MH061689,3'CTS-mut,3'CTS-mut,A_6_N2_20180606.afa
MG836781,3'CTS-mut,3'CTS-mut,A_6_N2_20180606.afa
MH061521,3'CTS-mut,3'CTS-mut,A_6_N2_20180606.afa
MH061737,3'CTS-mut,3'CTS-mut,A_6_N2_20180606.afa
MN252151,CDS-del,Pass,A_6_N1_20170601.afa
MN252156,CDS-del,Pass,A_6_N1_20170601.afa
MH061620,5'NCR-del,5'NCR-del,A_1_20170601.afa
MH061620,3'CTS-mut,3'CTS-mut,A_1_20170601.afa
MH061740,3'NCR-del,3'NCR-del,A_1_20170601.afa
MH592309,CDS-3Xdel,CDS-3Xdel,A_6_N1_20170601.afa
MG925520,5'CTS-mut,5'CTS-mut,A_7_20180412.afa
MG592283,CDS-3Xins,CDS-3Xins,A_4_H1_20171212.afa
MF399607,5'NCR-ext,5'NCR-ext,A_7_20180412.afa
MF399607,3'NCR-ext,3'NCR-ext,A_7_20180412.afa
MH128091,3'NCR-ext,3'NCR-ext,A_7_20180412.afa
MN083388,5'CTS-mut,5'CTS-mut,A_6_N1_20170601.afa
MN083956,5'CTS-mut,5'CTS-mut,A_6_N1_20170601.afa
MH061677,3'CTS-mut,3'CTS-mut,A_2_20171212.afa
MH061677,3'CTS-mut,3'CTS-mut,A_2_20171212.afa
MH061789,3'CTS-mut,3'CTS-mut,A_2_20171212.afa
MF399559,3'CTS-mut,3'CTS-mut,A_7_20180412.afa
MK557491,5'CTS-mut,5'CTS-mut,A_6_N1_20170601.afa
MH412292,5'NCR-ext,5'CTS-ins,A_6_N6_20171211.afa
MH412292,5'CTS-mut,5'CTS-mut,A_6_N6_20171211.afa
MH540569,5'CTS-mut,5'CTS-mut,A_6_N1_20170601.afa
LC363995,5'CTS-mut,5'CTS-mut,A_3_20171212.afa
LC363995,5'CTS-mut,5'CTS-mut,A_3_20171212.afa
MH345746,CDS-3Xdel,CDS-3Xdel,A_4_H1_20171212.afa
MF455318,3'NCR-del,3'NCR-del,A_6_N9_20171211.afa
MH701497,CDS-3Xdel,CDS-3Xdel,A_3_20171212.afa
MH061805,5'CTS-ins,3'NCR-del,A_2_20171212.afa
MH061596,3'NCR-del,3'NCR-del,A_1_20170601.afa
MH560113,5'NCR-del,5'NCR-del,A_6_N2_20180606.afa
MH701506,CDS-3Xdel,CDS-3Xdel,A_2_20171212.afa
MK077170,5'CTS-mut,5'CTS-mut,A_6_N1_20170601.afa
MK557643,5'CTS-mut,5'CTS-mut,A_6_N1_20170601.afa
MN083940,5'CTS-mut,5'CTS-mut,A_6_N1_20170601.afa
MN083329,5'CTS-mut,5'CTS-mut,A_6_N1_20170601.afa
MN083772,5'CTS-mut,5'CTS-mut,A_6_N1_20170601.afa
MN083436,5'CTS-mut,5'CTS-mut,A_6_N1_20170601.afa
MH764200,5'NCR-del,5'NCR-del,A_4_H13_20180606.afa
MH083239,5'CTS-mut,5'CTS-mut,A_6_N1_20170601.afa
LC316699,5'NCR-ext,5'NCR-ext,A_4_H5_20181012.afa
MH083687,5'CTS-mut,5'CTS-mut,A_6_N1_20170601.afa
MG599635,CDS-3Xdel,CDS-del,A_6_N5_20170622.afa
MG599635,CDS-3Xdel,CDS-del,A_6_N5_20170622.afa
MG599635,CDS-del,CDS-del,A_6_N5_20170622.afa
MG599635,CDS-del,CDS-del,A_6_N5_20170622.afa
MH061631,3'CTS-mut,3'CTS-mut,A_4_H3_20180611.afa
LC467228,5'CTS-mut,5'CTS-mut,A_8_20180606.afa
LC467232,5'CTS-mut,5'CTS-mut,A_5_20181015.afa
LC467232,3'NCR-ext,3'NCR-ext,A_5_20181015.afa
MH061721,3'CTS-mut,3'CTS-mut,A_6_N2_20180606.afa
MF099075,5'CTS-mut,5'CTS-mut,A_4_H3_20180611.afa
MN252152,CDS-del,Pass,A_6_N1_20170601.afa
MG836713,3'CTS-mut,3'CTS-mut,A_2_20171212.afa
MH061716,5'NCR-del,5'NCR-del,A_1_20170601.afa
MH061616,3'CTS-mut,3'CTS-mut,A_5_20181015.afa
MG836719,3'NCR-del,5'NCR-del,A_8_20180606.afa
LC498518,5'CTS-mut,5'CTS-mut,A_4_H4_20171211.afa
MH560057,3'CTS-mut,3'CTS-mut,A_4_H9_20170601.afa
MN252182,CDS-del,Pass,A_6_N1_20170601.afa
MN252195,CDS-del,Pass,A_6_N1_20170601.afa
LC430952,3'CTS-mut,3'CTS-mut,A_4_H1_20171212.afa
MH358711,3'NCR-ins,3'NCR-ins,A_5_20181015.afa
MG781115,3'CTS-mut,3'CTS-mut,A_5_20181015.afa
MH061581,3'CTS-mut,3'CTS-mut,A_2_20171212.afa
MG984008,5'CTS-mut,5'CTS-mut,A_4_H9_20170601.afa
MH560126,5'NCR-del,5'NCR-del,A_6_N2_20180606.afa
MK758011,3'NCR-ins,CDS-ins,A_4_H3_20180611.afa
MG572489,3'NCR-del,3'NCR-del,A_4_H7_20180531.afa
MG572489,3'CTS-mut,3'CTS-mut,A_4_H7_20180531.afa
MG572489,3'CTS-mut,3'CTS-mut,A_4_H7_20180531.afa
MG572490,3'NCR-del,3'NCR-del,A_6_N9_20171211.afa
MG572490,3'NCR-del,3'NCR-del,A_6_N9_20171211.afa
MH061652,5'NCR-del,5'NCR-del,A_1_20170601.afa
MK215817,3'NCR-ext,3'NCR-ins,A_6_N8_20171211.afa
MK964457,5'NCR-del,5'NCR-del,A_6_N2_20180606.afa
MK964627,5'NCR-del,5'NCR-del,A_6_N2_20180606.afa
MK964677,5'NCR-del,5'NCR-del,A_6_N2_20180606.afa
MK964710,5'NCR-del,5'NCR-del,A_6_N2_20180606.afa
MH446407,5'CTS-mut,5'CTS-mut,A_6_N1_20170601.afa
MH791790,3'CTS-mut,3'CTS-mut,A_6_N1_20170601.afa
MK801261,CDS-del,CDS-3Xdel,A_4_H9_20170601.afa
MK855767,5'CTS-mut,5'CTS-mut,A_6_N1_20170601.afa
MH346703,CDS-3Xdel,CDS-3Xdel,A_1_20170601.afa
MK237527,5'CTS-mut,5'CTS-mut,A_6_N6_20171211.afa
MK237527,5'CTS-mut,5'CTS-mut,A_6_N6_20171211.afa
MG836720,5'NCR-del,5'NCR-del,A_1_20170601.afa
MH061540,5'NCR-del,5'NCR-del,A_1_20170601.afa
MH771723,5'NCR-ext,5'CTS-ins,A_3_20171212.afa
MH771723,5'CTS-mut,5'CTS-mut,A_3_20171212.afa
MH771723,5'CTS-mut,5'CTS-mut,A_3_20171212.afa
MH771723,5'CTS-mut,5'CTS-mut,A_3_20171212.afa
MH791612,3'CTS-mut,3'CTS-mut,A_6_N1_20170601.afa
MH083010,5'NCR-del,5'NCR-del,A_5_20181015.afa
MN423032,5'CTS-mut,5'CTS-mut,A_6_N1_20170601.afa
MN552936,5'CTS-mut,5'CTS-mut,A_6_N1_20170601.afa
MN083516,5'CTS-mut,5'CTS-mut,A_6_N1_20170601.afa
MG836805,3'CTS-mut,3'CTS-mut,A_6_N2_20180606.afa
MG978778,5'CTS-mut,5'CTS-mut,A_6_N1_20170601.afa
LC426802,3'CTS-mut,3'CTS-mut,A_4_H9_20170601.afa
MG995568,5'NCR-ext,5'CTS-ins,A_7_20180412.afa
MG995568,5'CTS-mut,5'CTS-mut,A_7_20180412.afa
MG995568,5'CTS-mut,5'CTS-mut,A_7_20180412.afa
MG995568,5'CTS-mut,5'CTS-mut,A_7_20180412.afa
MH061743,3'CTS-mut,3'CTS-mut,A_4_H1_20171212.afa
MH061830,CDS-3Xdel,CDS-3Xdel,A_3_20171212.afa
MH061830,3'CTS-mut,3'CTS-mut,A_3_20171212.afa
MH271633,CDS-ins,CDS-ins,A_4_H9_20170601.afa
MH128086,3'CTS-mut,3'CTS-mut,A_6_N2_20180606.afa
MH128086,3'NCR-ext,3'CTS-ins,A_6_N2_20180606.afa
MN252197,CDS-del,Pass,A_6_N1_20170601.afa
MH061601,5'CTS-mut,5'CTS-mut,A_6_N1_20170601.afa
MH061627,3'NCR-del,3'NCR-del,A_8_20180606.afa
MH061627,3'CTS-mut,3'CTS-mut,A_8_20180606.afa
LC498515,5'CTS-mut,5'CTS-mut,A_7_20180412.afa
MG982804,3'CTS-mut,Pass,A_3_20171212.afa
MG781093,3'CTS-mut,3'CTS-mut,A_7_20180412.afa
MH600425,5'CTS-mut,5'CTS-mut,A_6_N1_20170601.afa
MN252194,CDS-del,Pass,A_6_N1_20170601.afa
MK245832,5'CTS-mut,5'CTS-mut,A_6_N1_20170601.afa
MN530204,Pass,Pass,A_2_20171212.afa
MN530206,Pass,Pass,A_2_20171212.afa
MN638429,Pass,Pass,A_6_N2_20180606.afa
MN638431,Pass,Pass,A_8_20180606.afa
MN638433,Pass,Pass,A_6_N2_20180606.afa
MN638435,Pass,Pass,A_7_20180412.afa
MN410742,Pass,CDS-3Xdel,A_4_H1_20171212.afa
MN410744,Pass,CDS-3Xdel,A_4_H1_20171212.afa
MN410746,Pass,CDS-3Xdel,A_4_H1_20171212.afa
MN410748,Pass,CDS-3Xdel,A_4_H1_20171212.afa
MN410769,Pass,5'NCR-del,A_6_N2_20180606.afa
MH637552,Pass,Pass,A_3_20171212.afa
MH637464,Pass,Pass,A_6_N2_20180606.afa
MH637481,Pass,Pass,A_1_20170601.afa
MN794992,Pass,Pass,A_3_20171212.afa
MN794994,Pass,Pass,A_8_20180606.afa
MN755289,Pass,Pass,A_4_H3_20180611.afa
MN755291,Pass,3'NCR-del,A_6_N2_20180606.afa
MN755293,Pass,Pass,A_8_20180606.afa
MN755295,Pass,Pass,A_2_20171212.afa
MN755298,Pass,Pass,A_5_20181015.afa
MN873879,Pass,Pass,A_5_20181015.afa
MN873881,Pass,Pass,A_3_20171212.afa
MN820076,Pass,Pass,A_5_20181015.afa
MN820078,Pass,Pass,A_7_20180412.afa
MN820080,Pass,Pass,A_1_20170601.afa
MN820082,Pass,Pass,A_3_20171212.afa
MN755173,Pass,Pass,A_8_20180606.afa
MN755175,Pass,Pass,A_2_20171212.afa
MN647635,Pass,Pass,A_4_H1_20171212.afa
MN647639,Pass,3'NCR-del,A_4_H1_20171212.afa
MN647641,Pass,Pass,A_4_H1_20171212.afa
MN647643,Pass,Pass,A_4_H1_20171212.afa
MN607477,Pass,Pass,A_6_N2_20180606.afa
MN607479,Pass,5'NCR-del,A_4_H1_20171212.afa
MN607497,Pass,Pass,A_7_20180412.afa
MN607499,Pass,Pass,A_5_20181015.afa
MN607501,Pass,Pass,A_3_20171212.afa
MN857642,Pass,Pass,A_4_H1_20171212.afa
MN857644,Pass,Pass,A_4_H1_20171212.afa
MN857645,Pass,Pass,A_4_H1_20171212.afa
MN860045,Pass,Pass,A_6_N8_20171211.afa
MN860047,Pass,Pass,A_6_N8_20171211.afa
MN253996,Pass,Pass,A_6_N9_20171211.afa
MN254002,Pass,Pass,A_5_20181015.afa
MN254017,Pass,Pass,A_5_20181015.afa
MN607164,Pass,Pass,A_3_20171212.afa
MN607176,Pass,Pass,A_6_N2_20180606.afa
MN820116,Pass,Pass,A_5_20181015.afa
MN820118,Pass,Pass,A_7_20180412.afa
MN820120,Pass,Pass,A_1_20170601.afa
MN254102,Pass,Pass,A_5_20181015.afa
MN254104,Pass,Pass,A_5_20181015.afa
MN820130,Pass,Pass,A_3_20171212.afa
MN820134,Pass,Pass,A_7_20180412.afa
MN820136,Pass,Pass,A_1_20170601.afa
MN820138,Pass,Pass,A_3_20171212.afa
MN820140,Pass,Pass,A_5_20181015.afa
MN754755,Pass,Pass,A_2_20171212.afa
MN754757,Pass,Pass,A_6_N2_20180606.afa
MN755272,Pass,Pass,A_6_N2_20180606.afa
MN755274,Pass,Pass,A_8_20180606.afa
MN755276,Pass,Pass,A_2_20171212.afa
MN857598,Pass,Pass,A_4_H1_20171212.afa
MN857602,Pass,Pass,A_4_H1_20171212.afa
MN873905,Pass,Pass,A_3_20171212.afa
MH637725,Pass,Pass,A_2_20171212.afa
MN783546,Pass,Pass,A_6_N9_20171211.afa
MN783548,Pass,Pass,A_2_20171212.afa
MN607178,Pass,Pass,A_5_20181015.afa
MH114047,Pass,Pass,A_1_20170601.afa
MH114049,Pass,Pass,A_3_20171212.afa
MN873818,Pass,Pass,A_2_20171212.afa
MN873820,Pass,Pass,A_4_H1_20171212.afa
MN873822,Pass,Pass,A_6_N1_20170601.afa
MN873824,Pass,Pass,A_8_20180606.afa
MN873826,Pass,Pass,A_2_20171212.afa
MN754885,Pass,Pass,A_6_N2_20180606.afa
MN754887,Pass,Pass,A_7_20180412.afa
MN754889,Pass,Pass,A_8_20180606.afa
MN754891,Pass,Pass,A_4_H3_20180611.afa
MN754893,Pass,Pass,A_6_N2_20180606.afa
MK979302,Pass,Pass,A_2_20171212.afa
MK979306,Pass,Pass,A_6_N2_20180606.afa
MN783491,Pass,Pass,A_1_20170601.afa
MN783493,Pass,Pass,A_3_20171212.afa
MN648547,Pass,Pass,A_4_H3_20180611.afa
MN754537,Pass,Pass,A_2_20171212.afa
MN638439,Pass,Pass,A_5_20181015.afa
MN638441,Pass,Pass,A_3_20171212.afa
MN638443,Pass,Pass,A_2_20171212.afa
MN638445,Pass,Pass,A_1_20170601.afa
MN638447,Pass,Pass,A_5_20181015.afa
MN638449,Pass,Pass,A_2_20171212.afa
MN410771,Pass,5'NCR-del,A_6_N2_20180606.afa
MN410774,Pass,5'NCR-del,A_6_N2_20180606.afa
MN410777,Pass,5'NCR-del,A_6_N2_20180606.afa
MN410779,Pass,5'NCR-del,A_6_N2_20180606.afa
MN755337,Pass,Pass,A_4_H3_20180611.afa
MN755339,Pass,Pass,A_6_N2_20180606.afa
MN755341,Pass,Pass,A_8_20180606.afa
MN530537,Pass,Pass,A_5_20181015.afa
MN530540,Pass,Pass,A_5_20181015.afa
MN794997,Pass,Pass,A_5_20181015.afa
MN795023,Pass,Pass,A_1_20170601.afa
MN795025,Pass,Pass,A_3_20171212.afa
MN795027,Pass,Pass,A_7_20180412.afa
MN755300,Pass,Pass,A_7_20180412.afa
MN783525,Pass,Pass,A_8_20180606.afa
MK979310,Pass,Pass,A_2_20171212.afa
MK979330,Pass,Pass,A_6_N2_20180606.afa
MK979332,Pass,Pass,A_8_20180606.afa
MN754760,Pass,Pass,A_2_20171212.afa
MN754762,Pass,Pass,A_1_20170601.afa
MN754764,Pass,Pass,A_5_20181015.afa
MN754766,Pass,Pass,A_3_20171212.afa
MN754768,Pass,Pass,A_2_20171212.afa
MN873907,Pass,Pass,A_1_20170601.afa
MN873909,Pass,Pass,A_7_20180412.afa
MN873911,Pass,Pass,A_5_20181015.afa
MN873913,Pass,Pass,A_3_20171212.afa
MN873915,Pass,Pass,A_1_20170601.afa
MN755179,Pass,Pass,A_6_N2_20180606.afa
MN755181,Pass,Pass,A_8_20180606.afa
MN755183,Pass,Pass,A_2_20171212.afa
MN607561,Pass,Pass,A_5_20181015.afa
MN607563,Pass,Pass,A_7_20180412.afa
MN607565,Pass,5'NCR-del,A_4_H1_20171212.afa
MN607503,Pass,Pass,A_1_20170601.afa
MN607480,Pass,Pass,A_7_20180412.afa
MH114055,Pass,Pass,A_1_20170601.afa
MN431012,Pass,Pass,A_7_20180412.afa
MN254052,Pass,Pass,A_5_20181015.afa
MN253878,Pass,Pass,A_6_N2_20180606.afa
MN253880,Pass,3'NCR-del,A_6_N2_20180606.afa
MN253884,Pass,Pass,A_6_N2_20180606.afa
MN754205,Pass,Pass,A_1_20170601.afa
MN638473,Pass,Pass,A_2_20171212.afa
MN638475,Pass,Pass,A_4_H3_20180611.afa
MN638477,Pass,Pass,A_7_20180412.afa
MN638479,Pass,Pass,A_5_20181015.afa
MN794962,Pass,3'NCR-del,A_4_H7_20180531.afa
MH114053,Pass,Pass,A_7_20180412.afa
MN754540,Pass,Pass,A_6_N1_20170601.afa
MN754541,Pass,Pass,A_7_20180412.afa
MN755133,Pass,Pass,A_7_20180412.afa
MN755134,Pass,Pass,A_8_20180606.afa
MN819100,Pass,Pass,A_3_20171212.afa
MN819102,Pass,Pass,A_2_20171212.afa
MN819104,Pass,Pass,A_1_20170601.afa
MN783550,Pass,Pass,A_7_20180412.afa
MN783552,Pass,Pass,A_5_20181015.afa
MH637745,Pass,Pass,A_6_N2_20180606.afa
MN263266,Pass,3'NCR-del,A_4_H1_20171212.afa
MN263268,Pass,3'NCR-del,A_4_H1_20171212.afa
MN263270,Pass,3'NCR-del,A_4_H1_20171212.afa
MN263272,Pass,3'NCR-del,A_4_H1_20171212.afa
MN263274,Pass,3'NCR-del,A_4_H1_20171212.afa
MN410782,Pass,5'NCR-del,A_6_N2_20180606.afa
MN410784,Pass,5'NCR-del,A_6_N2_20180606.afa
MN873828,Pass,Pass,A_4_H3_20180611.afa
MN873830,Pass,Pass,A_6_N2_20180606.afa
MN873832,Pass,Pass,A_8_20180606.afa
MN873834,Pass,Pass,A_2_20171212.afa
MN754895,Pass,Pass,A_7_20180412.afa
MN754897,Pass,Pass,A_8_20180606.afa
MN754899,Pass,Pass,A_4_H3_20180611.afa
MN754901,Pass,Pass,A_6_N2_20180606.afa
MN873983,Pass,Pass,A_5_20181015.afa
MN783495,Pass,Pass,A_6_N9_20171211.afa
MN783472,Pass,Pass,A_2_20171212.afa
MN783474,Pass,Pass,A_5_20181015.afa
MN783476,Pass,Pass,A_6_N1_20170601.afa
MN783478,Pass,Pass,A_4_H11_20180606.afa
MN754925,Pass,Pass,A_6_N2_20180606.afa
MN754930,Pass,Pass,A_1_20170601.afa
MN754932,Pass,Pass,A_5_20181015.afa
MN648621,Pass,Pass,A_4_H16_20180606.afa
MN754636,Pass,Pass,A_1_20170601.afa
MN754637,Pass,Pass,A_2_20171212.afa
MN410735,Pass,CDS-3Xdel,A_4_H1_20171212.afa
MN410796,Pass,Pass,A_4_H1_20171212.afa
MN607580,Pass,Pass,A_5_20181015.afa
MN530542,Pass,Pass,A_5_20181015.afa
MN530544,Pass,Pass,A_5_20181015.afa
MN530547,Pass,Pass,A_5_20181015.afa
MN530550,Pass,Pass,A_5_20181015.afa
MN795028,Pass,Pass,A_8_20180606.afa
MN795038,Pass,Pass,A_5_20181015.afa
MN795040,Pass,Pass,A_1_20170601.afa
MN795042,Pass,Pass,A_4_H3_20180611.afa
MN795044,Pass,Pass,A_8_20180606.afa
MN037412,Pass,Pass,A_1_20170601.afa
MN037414,Pass,Pass,A_3_20171212.afa
MN686380,Pass,Pass,A_4_H1_20171212.afa
MN686383,Pass,Pass,A_8_20180606.afa
MK979335,Pass,Pass,A_3_20171212.afa
MK979337,Pass,Pass,A_5_20181015.afa
MK979339,Pass,Pass,A_7_20180412.afa
MK979341,Pass,Pass,A_1_20170601.afa
MN754769,Pass,Pass,A_8_20180606.afa
MN754771,Pass,Pass,A_4_H3_20180611.afa
MN754773,Pass,Pass,A_6_N2_20180606.afa
MN873882,Pass,Pass,A_2_20171212.afa
MN873884,Pass,Pass,A_2_20171212.afa
MN873886,Pass,Pass,A_3_20171212.afa
MN873917,Pass,Pass,A_7_20180412.afa
MN873919,Pass,Pass,A_5_20181015.afa
MN873921,Pass,Pass,A_3_20171212.afa
MN873923,Pass,Pass,A_1_20170601.afa
MN873925,Pass,Pass,A_7_20180412.afa
MN755186,Pass,Pass,A_5_20181015.afa
MN755188,Pass,Pass,A_7_20180412.afa
MG386189,Pass,Pass,A_1_20170601.afa
MG386191,Pass,Pass,A_7_20180412.afa
MG386192,Pass,Pass,A_5_20181015.afa
MG386194,Pass,Pass,A_2_20171212.afa
MN607575,Pass,Pass,A_7_20180412.afa
MN647645,Pass,Pass,A_4_H1_20171212.afa
MN647647,Pass,Pass,A_4_H1_20171212.afa
MN648373,Pass,Pass,A_4_H7_20180531.afa
MN254062,Pass,Pass,A_5_20181015.afa
MN254064,Pass,Pass,A_5_20181015.afa
MN754208,Pass,5'NCR-del,A_4_H1_20171212.afa
MN857560,Pass,Pass,A_4_H1_20171212.afa
MN253957,Pass,Pass,A_6_N8_20171211.afa
MN857572,Pass,Pass,A_4_H1_20171212.afa
MN862364,Pass,Pass,A_6_N8_20171211.afa
MN794964,Pass,Pass,A_7_20180412.afa
MN794966,Pass,Pass,A_8_20180606.afa
MN794968,Pass,Pass,A_3_20171212.afa
MN794970,Pass,Pass,A_6_N1_20170601.afa
MN754640,Pass,Pass,A_5_20181015.afa
MN754642,Pass,Pass,A_7_20180412.afa
MN836632,Pass,Pass,A_3_20171212.afa
MN530214,Pass,Pass,A_2_20171212.afa
MN530215,Pass,Pass,A_2_20171212.afa
MN530217,Pass,Pass,A_2_20171212.afa
MN530219,Pass,Pass,A_2_20171212.afa
MN263277,Pass,3'NCR-del,A_4_H1_20171212.afa
MN263279,Pass,3'NCR-del,A_4_H1_20171212.afa
MN263281,Pass,Pass,A_6_N2_20180606.afa
MN263283,Pass,Pass,A_6_N2_20180606.afa
MN263285,Pass,Pass,A_6_N2_20180606.afa
MN607583,Pass,Pass,A_1_20170601.afa
MN607585,Pass,Pass,A_2_20171212.afa
MN607587,Pass,Pass,A_3_20171212.afa
MN607589,Pass,Pass,A_8_20180606.afa
MN607970,Pass,Pass,A_4_H5_20181012.afa
MN530740,Pass,Pass,A_7_20180412.afa
MN530757,Pass,Pass,A_7_20180412.afa
MN873837,Pass,Pass,A_1_20170601.afa
MN873839,Pass,Pass,A_7_20180412.afa
MN873843,Pass,Pass,A_3_20171212.afa
MN873985,Pass,Pass,A_3_20171212.afa
MN873987,Pass,Pass,A_1_20170601.afa
MN873989,Pass,Pass,A_1_20170601.afa
MN873991,Pass,Pass,A_7_20180412.afa
MN873993,Pass,Pass,A_5_20181015.afa
MN783480,Pass,Pass,A_8_20180606.afa
MN783482,Pass,Pass,A_2_20171212.afa
MN783484,Pass,Pass,A_5_20181015.afa
MN783486,Pass,Pass,A_6_N5_20170622.afa
MN648622,Pass,Pass,A_4_H16_20180606.afa
MN254258,Pass,Pass,A_8_20180606.afa
MN254260,Pass,Pass,A_8_20180606.afa
LC409155,Pass,Pass,A_6_N1_20170601.afa
MN836633,Pass,Pass,A_1_20170601.afa
MN836635,Pass,Pass,A_2_20171212.afa
MK208606,Pass,Pass,A_3_20171212.afa
MK208608,Pass,Pass,A_5_20181015.afa
MH637508,Pass,Pass,A_7_20180412.afa
MN795001,Pass,Pass,A_4_H5_20181012.afa
MN794998,Pass,Pass,A_2_20171212.afa
MN795000,Pass,Pass,A_6_N2_20180606.afa
MN686384,Pass,5'NCR-del,A_6_N2_20180606.afa
MN686386,Pass,Pass,A_7_20180412.afa
MK979343,Pass,Pass,A_3_20171212.afa
MK979345,Pass,Pass,A_5_20181015.afa
MK979347,Pass,Pass,A_7_20180412.afa
MK979351,Pass,Pass,A_3_20171212.afa
MK979353,Pass,Pass,A_5_20181015.afa
MN873948,Pass,Pass,A_4_H3_20180611.afa
MN873951,Pass,Pass,A_5_20181015.afa
MN873953,Pass,Pass,A_3_20171212.afa
MN873955,Pass,Pass,A_1_20170601.afa
MN873927,Pass,Pass,A_5_20181015.afa
MN873929,Pass,Pass,A_3_20171212.afa
MN873931,Pass,Pass,A_1_20170601.afa
MG386195,Pass,Pass,A_1_20170601.afa
MG386197,Pass,Pass,A_4_H5_20181012.afa
MN623499,Pass,Pass,A_6_N2_20180606.afa
MN623501,Pass,Pass,A_6_N2_20180606.afa
MN623505,Pass,Pass,A_6_N2_20180606.afa
MN648375,Pass,Pass,A_4_H11_20180606.afa
MN648378,Pass,Pass,A_4_H11_20180606.afa
MN648380,Pass,Pass,A_4_H11_20180606.afa
MN648508,Pass,Pass,A_4_H2_20170608.afa
MN648511,Pass,Pass,A_4_H2_20170608.afa
MN253903,Pass,Pass,A_6_N3_20170628.afa
MG759374,Pass,Pass,A_4_H3_20180611.afa
MG759376,Pass,Pass,A_4_H3_20180611.afa
MG759378,Pass,Pass,A_4_H3_20180611.afa
MN254038,Pass,Pass,A_5_20181015.afa
MN254044,Pass,Pass,A_5_20181015.afa
MN638481,Pass,Pass,A_2_20171212.afa
MN638483,Pass,Pass,A_4_H3_20180611.afa
MN638485,Pass,Pass,A_6_N2_20180606.afa
MN873845,Pass,Pass,A_7_20180412.afa
MN873847,Pass,Pass,A_5_20181015.afa
MN819702,Pass,Pass,A_1_20170601.afa
MN819706,Pass,Pass,A_5_20181015.afa
MN819708,Pass,Pass,A_7_20180412.afa
MN819710,Pass,Pass,A_1_20170601.afa
MN819712,Pass,Pass,A_3_20171212.afa
MN656025,Pass,Pass,A_8_20180606.afa
MN656027,Pass,Pass,A_1_20170601.afa
MN656029,Pass,Pass,A_7_20180412.afa
MN656031,Pass,Pass,A_5_20181015.afa
MN656033,Pass,Pass,A_3_20171212.afa
MN656035,Pass,Pass,A_1_20170601.afa
MN253785,Pass,Pass,A_7_20180412.afa
MN253787,Pass,Pass,A_7_20180412.afa
MN836637,Pass,Pass,A_6_N9_20171211.afa
MN836639,Pass,Pass,A_7_20180412.afa
MN530749,Pass,Pass,A_7_20180412.afa
MN530751,Pass,Pass,A_7_20180412.afa
MN530755,Pass,Pass,A_7_20180412.afa
MN607554,Pass,Pass,A_5_20181015.afa
MN263286,Pass,Pass,A_6_N2_20180606.afa
MN263288,Pass,Pass,A_6_N2_20180606.afa
MN607444,Pass,Pass,A_5_20181015.afa
MN607972,Pass,Pass,A_6_N1_20170601.afa
MN607976,Pass,Pass,A_2_20171212.afa
MN410736,Pass,CDS-3Xdel,A_4_H1_20171212.afa
MN430980,Pass,Pass,A_6_N8_20171211.afa
MK208610,Pass,Pass,A_7_20180412.afa
MN702968,Pass,Pass,A_4_H7_20180531.afa
MN702970,Pass,Pass,A_2_20171212.afa
MN702989,Pass,Pass,A_3_20171212.afa
MN702991,Pass,Pass,A_5_20181015.afa
MN795004,Pass,Pass,A_8_20180606.afa
MN795032,Pass,Pass,A_4_H1_20171212.afa
MN795034,Pass,Pass,A_5_20181015.afa
MN873849,Pass,Pass,A_3_20171212.afa
MN873850,Pass,Pass,A_2_20171212.afa
MN873852,Pass,Pass,A_4_H3_20180611.afa
MN873854,Pass,Pass,A_6_N2_20180606.afa
MN873996,Pass,Pass,A_4_H1_20171212.afa
MN873998,Pass,Pass,A_6_N1_20170601.afa
MN874000,Pass,Pass,A_8_20180606.afa
MN874002,Pass,Pass,A_2_20171212.afa
MK979328,Pass,Pass,A_4_H9_20170601.afa
MH637619,Pass,Pass,A_8_20180606.afa
MH637634,Pass,Pass,A_6_N2_20180606.afa
MN783499,Pass,Pass,A_1_20170601.afa
LC409162,Pass,Pass,A_6_N1_20170601.afa
LC409165,Pass,Pass,A_6_N1_20170601.afa
LC409171,Pass,Pass,A_6_N1_20170601.afa
MN254404,Pass,Pass,A_3_20171212.afa
MN254406,Pass,Pass,A_3_20171212.afa
MK979356,Pass,Pass,A_8_20180606.afa
MK979359,Pass,Pass,A_3_20171212.afa
MK979361,Pass,Pass,A_5_20181015.afa
MK979363,Pass,Pass,A_7_20180412.afa
MN873956,Pass,Pass,A_5_20181015.afa
MN873958,Pass,Pass,A_7_20180412.afa
MN754774,Pass,Pass,A_3_20171212.afa
MN754776,Pass,Pass,A_2_20171212.afa
MN754778,Pass,Pass,A_1_20170601.afa
MN873890,Pass,Pass,A_4_H1_20171212.afa
MN873892,Pass,Pass,A_4_H3_20180611.afa
MN873894,Pass,Pass,A_6_N2_20180606.afa
MN873895,Pass,Pass,A_5_20181015.afa
MN530375,Pass,Pass,A_3_20171212.afa
MN530517,Pass,Pass,A_5_20181015.afa
MN530571,Pass,Pass,A_5_20181015.afa
MN648513,Pass,Pass,A_4_H2_20170608.afa
MN648515,Pass,Pass,A_4_H2_20170608.afa
MN607577,Pass,Pass,A_3_20171212.afa
MN607579,Pass,Pass,A_8_20180606.afa
MN648517,Pass,Pass,A_4_H2_20170608.afa
MN430730,Pass,Pass,A_1_20170601.afa
MN430732,Pass,Pass,A_3_20171212.afa
AB434305,Pass,Pass,A_5_20181015.afa
AB434306,Pass,Pass,A_6_N1_20170601.afa
MN410739,Pass,CDS-3Xdel,A_4_H1_20171212.afa
MN638488,Pass,Pass,A_1_20170601.afa
MN648612,Pass,Pass,A_4_H10_20170611.afa
MN648616,Pass,Pass,A_4_H10_20170611.afa
MN794981,Pass,Pass,A_5_20181015.afa
MN653605,Pass,3'NCR-del,A_4_H1_20171212.afa
MN653607,Pass,3'NCR-del,A_4_H1_20171212.afa
MN653609,Pass,3'NCR-del,A_4_H1_20171212.afa
MN653611,Pass,3'NCR-del,A_4_H1_20171212.afa
MN653613,Pass,3'NCR-del,A_4_H1_20171212.afa
MN653615,Pass,3'NCR-del,A_4_H1_20171212.afa
MN873856,Pass,Pass,A_8_20180606.afa
MN873858,Pass,Pass,A_2_20171212.afa
MN819714,Pass,Pass,A_5_20181015.afa
MN819716,Pass,Pass,A_7_20180412.afa
MN819718,Pass,Pass,A_1_20170601.afa
MN819720,Pass,Pass,A_3_20171212.afa
MN819722,Pass,Pass,A_5_20181015.afa
MN819724,Pass,Pass,A_7_20180412.afa
LC409045,Pass,Pass,A_6_N2_20180606.afa
LC409134,Pass,Pass,A_6_N1_20170601.afa
LC409138,Pass,Pass,A_6_N1_20170601.afa
LC409140,Pass,Pass,A_6_N1_20170601.afa
MN253788,Pass,Pass,A_7_20180412.afa
MN819598,Pass,Pass,A_1_20170601.afa
MN819600,Pass,Pass,A_3_20171212.afa
MN819602,Pass,Pass,A_5_20181015.afa
MN638701,Pass,3'NCR-del,A_6_N2_20180606.afa
MN638703,Pass,Pass,A_8_20180606.afa
MN638705,Pass,Pass,A_2_20171212.afa
MN638707,Pass,Pass,A_4_H3_20180611.afa
MN638709,Pass,Pass,A_6_N2_20180606.afa
MN638711,Pass,Pass,A_8_20180606.afa
MN607447,Pass,Pass,A_7_20180412.afa
MN607457,Pass,Pass,A_8_20180606.afa
MN607459,Pass,Pass,A_7_20180412.afa
MN607461,Pass,Pass,A_5_20181015.afa
MN607463,Pass,Pass,A_3_20171212.afa
MN430985,Pass,Pass,A_4_H4_20171211.afa
MN430987,Pass,Pass,A_5_20181015.afa
MN430989,Pass,Pass,A_4_H5_20181012.afa
MN648560,Pass,Pass,A_4_H4_20171211.afa
MN702993,Pass,Pass,A_7_20180412.afa
MN702997,Pass,Pass,A_3_20171212.afa
MN795036,Pass,Pass,A_8_20180606.afa
MN795014,Pass,Pass,A_1_20170601.afa
MN795016,Pass,Pass,A_4_H2_20170608.afa
MN795018,Pass,Pass,A_8_20180606.afa
MH637523,Pass,Pass,A_6_N1_20170601.afa
MN530721,Pass,Pass,A_7_20180412.afa
MN530726,Pass,Pass,A_7_20180412.afa
MN530730,Pass,Pass,A_7_20180412.afa
MN530732,Pass,Pass,A_7_20180412.afa
MN794950,Pass,Pass,A_2_20171212.afa
MN794952,Pass,Pass,A_5_20181015.afa
MN794954,Pass,Pass,A_4_H4_20171211.afa
MN794956,Pass,Pass,A_1_20170601.afa
MN755240,Pass,Pass,A_3_20171212.afa
MN755243,Pass,Pass,A_6_N2_20180606.afa
MN755245,Pass,Pass,A_8_20180606.afa
MN755248,Pass,Pass,A_3_20171212.afa
MN755250,Pass,Pass,A_5_20181015.afa
MN783505,Pass,Pass,A_6_N1_20170601.afa
MN783509,Pass,Pass,A_7_20180412.afa
MN783511,Pass,Pass,A_5_20181015.afa
MN638292,Pass,Pass,A_2_20171212.afa
MN638294,Pass,5'NCR-del,A_4_H1_20171212.afa
MN638296,Pass,Pass,A_6_N1_20170601.afa
MN638298,Pass,Pass,A_8_20180606.afa
MN754782,Pass,Pass,A_3_20171212.afa
MN754868,Pass,Pass,A_5_20181015.afa
MN754870,Pass,Pass,A_3_20171212.afa
MN754872,Pass,Pass,A_2_20171212.afa
MN754874,Pass,Pass,A_1_20170601.afa
MH637587,Pass,Pass,A_8_20180606.afa
MN873899,Pass,Pass,A_1_20170601.afa
MN873901,Pass,Pass,A_7_20180412.afa
MN873903,Pass,Pass,A_5_20181015.afa
MN819603,Pass,Pass,A_6_N1_20170601.afa
MN819605,Pass,Pass,A_8_20180606.afa
MN819607,Pass,Pass,A_2_20171212.afa
MN819609,Pass,5'NCR-del,A_4_H1_20171212.afa
MN819611,Pass,Pass,A_6_N1_20170601.afa
MN530574,Pass,Pass,A_5_20181015.afa
MN530575,Pass,Pass,A_5_20181015.afa
MN530580,Pass,Pass,A_5_20181015.afa
MN530583,Pass,Pass,A_5_20181015.afa
MN648518,Pass,Pass,A_4_H2_20170608.afa
MN648525,Pass,Pass,A_4_H3_20180611.afa
MN648527,Pass,Pass,A_4_H3_20180611.afa
MN648530,Pass,Pass,A_4_H3_20180611.afa
MN648532,Pass,Pass,A_4_H3_20180611.afa
MN253916,Pass,Pass,A_6_N6_20171211.afa
MN253920,Pass,Pass,A_6_N6_20171211.afa
MN253928,Pass,Pass,A_6_N6_20171211.afa
MN794983,Pass,Pass,A_6_N2_20180606.afa
MN794984,Pass,Pass,A_3_20171212.afa
MN794986,Pass,Pass,A_4_H11_20180606.afa
MN794972,Pass,Pass,A_4_H11_20180606.afa
MN794974,Pass,Pass,A_6_N9_20171211.afa
MN754212,Pass,Pass,A_8_20180606.afa
MN754214,Pass,Pass,A_2_20171212.afa
MN653617,Pass,3'NCR-del,A_4_H1_20171212.afa
MN653619,Pass,3'NCR-del,A_4_H1_20171212.afa
MN873860,Pass,5'NCR-del,A_4_H1_20171212.afa
MN873861,Pass,Pass,A_7_20180412.afa
MN873864,Pass,Pass,A_8_20180606.afa
MN873866,Pass,Pass,A_2_20171212.afa
MN638577,Pass,Pass,A_2_20171212.afa
MN638579,Pass,Pass,A_4_H3_20180611.afa
MN638581,Pass,Pass,A_6_N2_20180606.afa
MN638583,Pass,Pass,A_8_20180606.afa
MN638585,Pass,Pass,A_3_20171212.afa
MN254552,Pass,Pass,A_2_20171212.afa
