Accession,Actual Flag,My Flag,Profile
MN559751,3'NCR-ext,3'NCR-ext,B_6_20180414.afa
MG830515,3'NCR-del,Pass,B_5_20180606.afa
CY263653,3'NCR-ins,3'NCR-ins,B_6_20180414.afa
MG920797,3'NCR-ins,3'NCR-ins,B_3_20170704.afa
CY263881,CDS-3Xdel,CDS-3Xdel,B_4_20170721.afa
MG921150,3'NCR-ins,3'NCR-ins,B_3_20170704.afa
MG921160,3'NCR-ins,3'NCR-ins,B_3_20170704.afa
MG830553,5'NCR-del,5'NCR-del,B_6_20180414.afa
MG921317,3'NCR-ins,3'NCR-ins,B_3_20170704.afa
MG830490,5'NCR-del,5'NCR-del,B_6_20180414.afa
CY262880,CDS-ins,CDS-ins,B_5_20180606.afa
MH362842,3'NCR-ins,3'NCR-ins,B_4_20170721.afa
MH135981,3'NCR-ins,3'NCR-ins,B_4_20170721.afa
MH130749,5'NCR-del,5'NCR-del,B_6_20180414.afa
MH362866,3'NCR-ins,3'NCR-ins,B_7_20180606.afa
MH363497,5'NCR-del,5'NCR-del,B_6_20180414.afa
MH130987,3'NCR-ins,3'NCR-ins,B_4_20170721.afa
MH245269,5'NCR-del,5'NCR-del,B_5_20180606.afa
MH131102,3'NCR-ins,3'NCR-ins,B_7_20180606.afa
MH135852,3'NCR-del,3'NCR-del,B_3_20170704.afa
MH245314,CDS-3Xdel,Pass,B_8_20180415.afa
MH245668,3'NCR-ins,3'NCR-ins,B_6_20180414.afa
MH130788,3'NCR-del,Pass,B_5_20180606.afa
MH081456,3'NCR-del,3'NCR-del,B_3_20170704.afa
MH581666,5'NCR-del,5'NCR-del,B_6_20180414.afa
MH791491,3'NCR-del,CDS-del,B_3_20170704.afa
MH706070,3'NCR-ins,3'NCR-ins,B_7_20180606.afa
MH584447,CDS-3Xdel,CDS-3Xdel,B_8_20180415.afa
MH604857,3'NCR-del,3'NCR-del,B_1_20180606.afa
MH581616,3'NCR-del,Pass,B_5_20180606.afa
MH581756,3'NCR-ins,3'NCR-ins,B_6_20180414.afa
MH581839,3'NCR-ins,3'NCR-ins,B_4_20170721.afa
MH583097,5'NCR-del,5'NCR-del,B_5_20180606.afa
MH726834,5'NCR-del,5'NCR-del,B_5_20180606.afa
MH606263,5'NCR-del,5'NCR-del,B_5_20180606.afa
MH604912,5'NCR-ins,5'NCR-ins,B_6_20180414.afa
MH606428,CDS-3Xdel,CDS-3Xdel,B_8_20180415.afa
MH585743,3'NCR-del,Pass,B_5_20180606.afa
MH581632,3'NCR-del,Pass,B_5_20180606.afa
MH671714,5'NCR-del,5'NCR-del,B_5_20180606.afa
MK380381,CDS-3Xdel,CDS-3Xdel,B_8_20180415.afa
NC_002207,5'CTS-mut,5'CTS-mut,B_4_20170721.afa
MK244698,3'NCR-del,3'NCR-del,B_3_20170704.afa
MK625982,3'NCR-ins,3'NCR-ins,B_3_20170704.afa
MK630612,3'NCR-del,3'NCR-del,B_1_20180606.afa
MK857918,5'NCR-ins,5'NCR-ins,B_6_20180414.afa
MK857795,3'NCR-ins,3'NCR-ins,B_3_20170704.afa
MK680504,3'NCR-ext,3'NCR-ext,B_6_20180414.afa
MK715550,3'NCR-ins,3'NCR-ins,B_3_20170704.afa
MN085671,3'NCR-ins,3'NCR-ins,B_3_20170704.afa
MN156131,3'NCR-del,3'NCR-del,B_3_20170704.afa
MK969195,CDS-3Xdel,CDS-3Xdel,B_2_20170703.afa
MN086212,3'NCR-ins,3'NCR-ins,B_7_20180606.afa
MN086056,3'NCR-ins,3'NCR-ins,B_6_20180414.afa
MK961689,CDS-3Xdel,CDS-3Xdel,B_4_20170721.afa
MN155806,3'NCR-del,3'NCR-del,B_1_20180606.afa
MN155806,3'CTS-mut,3'CTS-mut,B_1_20180606.afa
MH684330,3'NCR-del,3'NCR-del,B_5_20180606.afa
MH684330,5'NCR-ext,5'NCR-ext,B_5_20180606.afa
MH684330,5'CTS-mut,5'CTS-mut,B_5_20180606.afa
MH684330,5'CTS-mut,5'CTS-mut,B_5_20180606.afa
MK961802,3'NCR-del,3'NCR-del,B_6_20180414.afa
MK998796,3'NCR-ins,3'NCR-ins,B_3_20170704.afa
MK999234,3'NCR-del,3'NCR-del,B_3_20170704.afa
MN085890,3'NCR-del,3'NCR-del,B_6_20180414.afa
MN230686,5'NCR-del,5'NCR-del,B_5_20180606.afa
MN371707,3'NCR-del,3'NCR-del,B_1_20180606.afa
MN230291,3'NCR-del,3'NCR-del,B_6_20180414.afa
MN493624,5'NCR-del,5'NCR-del,B_5_20180606.afa
CY263891,3'NCR-del,3'NCR-del,B_6_20180414.afa
MG830657,3'NCR-ins,3'NCR-ins,B_7_20180606.afa
CY263806,3'NCR-ins,3'NCR-ins,B_7_20180606.afa
MG925828,3'CTS-mut,3'NCR-del,B_8_20180415.afa
MG920839,3'NCR-ins,3'NCR-ins,B_3_20170704.afa
MG920850,3'NCR-ins,3'NCR-ins,B_3_20170704.afa
MG920339,3'NCR-ins,3'NCR-ins,B_3_20170704.afa
MG925364,3'CTS-mut,3'NCR-del,B_8_20180415.afa
MH671779,5'NCR-del,5'NCR-del,B_6_20180414.afa
MG830545,3'NCR-ins,3'NCR-ins,B_7_20180606.afa
MG830507,3'NCR-del,Pass,B_5_20180606.afa
CY266011,5'NCR-del,5'NCR-del,B_5_20180606.afa
CY263724,3'NCR-del,Pass,B_5_20180606.afa
MG830523,3'NCR-del,Pass,B_5_20180606.afa
MH080845,3'NCR-del,Pass,B_5_20180606.afa
MH080978,3'NCR-ins,3'NCR-ins,B_3_20170704.afa
MH130394,3'NCR-ins,3'NCR-ins,B_4_20170721.afa
MH081072,3'NCR-ins,3'NCR-ins,B_7_20180606.afa
MH130772,3'NCR-del,Pass,B_5_20180606.afa
MH136187,3'NCR-del,3'NCR-del,B_1_20180606.afa
MH130780,3'NCR-del,Pass,B_5_20180606.afa
MH136334,5'NCR-del,5'NCR-del,B_5_20180606.afa
MH136344,3'NCR-ins,3'NCR-ins,B_7_20180606.afa
MH130806,3'NCR-ins,3'NCR-ins,B_7_20180606.afa
MH130814,5'NCR-del,5'NCR-del,B_6_20180414.afa
MH130904,3'NCR-ins,3'NCR-ins,B_6_20180414.afa
MH130764,3'NCR-del,Pass,B_5_20180606.afa
MH363090,3'NCR-ins,3'NCR-ins,B_7_20180606.afa
MH245740,5'NCR-del,5'NCR-del,B_6_20180414.afa
MH245629,5'NCR-del,5'NCR-del,B_5_20180606.afa
MH363482,3'NCR-ins,3'NCR-ins,B_7_20180606.afa
MH362867,CDS-del,Pass,B_8_20180415.afa
MH233693,3'NCR-ins,3'NCR-ins,B_5_20180606.afa
MH581601,5'NCR-del,5'NCR-del,B_6_20180414.afa
MH604733,5'NCR-del,5'NCR-del,B_6_20180414.afa
MH581640,3'NCR-del,Pass,B_5_20180606.afa
MH581658,3'NCR-ins,3'NCR-ins,B_7_20180606.afa
MH584572,5'NCR-del,5'NCR-del,B_6_20180414.afa
MH607088,3'NCR-ins,3'NCR-ins,B_4_20170721.afa
MH604676,5'NCR-del,5'NCR-del,B_5_20180606.afa
MH604687,3'NCR-del,Pass,B_5_20180606.afa
MH584470,3'NCR-ins,3'NCR-ins,B_7_20180606.afa
MH585265,5'NCR-ins,5'NCR-ins,B_5_20180606.afa
MH606316,CDS-del,Pass,B_8_20180415.afa
MH585086,CDS-3Xdel,CDS-3Xdel,B_8_20180415.afa
MH604926,3'NCR-ins,3'NCR-ins,B_7_20180606.afa
NC_002206,3'NCR-ins,CDS-3Xins,B_3_20170704.afa
MH581954,3'NCR-ins,3'NCR-ins,B_7_20180606.afa
MH581624,3'NCR-del,Pass,B_5_20180606.afa
MK244751,5'NCR-del,5'NCR-del,B_5_20180606.afa
MK292543,3'NCR-ins,3'NCR-ins,B_3_20170704.afa
MK398418,3'NCR-del,3'NCR-del,B_3_20170704.afa
MK474547,3'NCR-ins,3'NCR-ins,B_6_20180414.afa
MK630657,5'NCR-del,5'NCR-del,B_5_20180606.afa
MK625940,3'NCR-del,3'NCR-del,B_3_20170704.afa
MK625951,3'NCR-ins,3'NCR-ins,B_3_20170704.afa
MK630620,3'NCR-del,3'NCR-del,B_1_20180606.afa
MK676205,3'NCR-ins,3'NCR-ins,B_3_20170704.afa
MK715542,3'NCR-ins,3'NCR-ins,B_3_20170704.afa
MK771872,3'NCR-del,3'NCR-del,B_1_20180606.afa
MH684325,5'NCR-ext,5'NCR-ext,B_4_20170721.afa
MH684325,5'CTS-mut,5'CTS-mut,B_4_20170721.afa
MH684325,5'CTS-mut,5'CTS-mut,B_4_20170721.afa
MH684325,5'CTS-mut,5'CTS-mut,B_4_20170721.afa
MH684325,5'NCR-ins,3'CTS-mut,B_4_20170721.afa
MH684325,3'NCR-del,3'NCR-del,B_4_20170721.afa
MH684325,3'NCR-del,3'NCR-del,B_4_20170721.afa
MH684325,3'CTS-mut,3'CTS-mut,B_4_20170721.afa
MH684325,3'CTS-mut,3'CTS-mut,B_4_20170721.afa
MK999309,5'NCR-del,5'NCR-del,B_5_20180606.afa
MK969311,CDS-3Xdel,CDS-3Xdel,B_4_20170721.afa
MK969440,CDS-3Xdel,CDS-3Xdel,B_4_20170721.afa
MK995976,3'NCR-ins,3'NCR-ins,B_3_20170704.afa
MK995940,3'NCR-ins,3'NCR-ins,B_7_20180606.afa
MN078746,CDS-3Xdel,CDS-3Xdel,B_1_20180606.afa
MN086300,3'NCR-ext,3'NCR-ext,B_6_20180414.afa
MN086303,3'NCR-ext,3'NCR-ext,B_6_20180414.afa
MN086003,3'NCR-ins,3'NCR-ins,B_7_20180606.afa
MN086210,3'CTS-mut,3'CTS-mut,B_7_20180606.afa
MN086211,3'CTS-mut,3'CTS-mut,B_7_20180606.afa
MN086216,3'CTS-mut,3'CTS-mut,B_7_20180606.afa
MN086294,CDS-del,CDS-del,B_6_20180414.afa
MN086295,3'NCR-ext,3'NCR-ext,B_6_20180414.afa
MN156143,3'NCR-ins,3'NCR-ins,B_7_20180606.afa
MN155772,3'NCR-del,3'NCR-del,B_6_20180414.afa
MH684309,3'CTS-mut,3'CTS-mut,B_1_20180606.afa
MH684309,3'NCR-ext,3'NCR-ext,B_1_20180606.afa
MN230467,3'NCR-ins,3'NCR-ins,B_1_20180606.afa
MN230304,3'NCR-del,3'NCR-del,B_6_20180414.afa
MH703062,3'NCR-del,3'NCR-del,B_4_20170721.afa
MH703064,3'NCR-del,3'NCR-del,B_4_20170721.afa
MN435056,3'NCR-ins,3'NCR-ins,B_4_20170721.afa
MN493741,5'NCR-del,5'NCR-del,B_5_20180606.afa
MN493746,3'CTS-mut,3'CTS-mut,B_2_20170703.afa
MN493746,3'NCR-ext,3'NCR-ext,B_2_20170703.afa
MG692773,3'NCR-del,3'NCR-del,B_3_20170704.afa
MN493620,3'CTS-mut,3'CTS-mut,B_1_20180606.afa
MN493620,3'CTS-mut,3'CTS-mut,B_1_20180606.afa
MN819211,5'NCR-ins,5'NCR-ins,B_8_20180415.afa
MN396692,3'CTS-mut,3'CTS-mut,B_6_20180414.afa
MN480836,3'CTS-mut,3'CTS-mut,B_1_20180606.afa
MN483442,3'CTS-mut,3'CTS-mut,B_1_20180606.afa
MN493613,3'NCR-ins,3'NCR-ins,B_5_20180606.afa
LC409181,3'CTS-mut,3'CTS-mut,B_6_20180414.afa
MN156034,3'NCR-ins,3'NCR-ins,B_1_20180606.afa
NC_002210,3'NCR-ins,3'NCR-ins,B_7_20180606.afa
NC_002211,5'CTS-mut,5'CTS-mut,B_8_20180415.afa
CY262881,CDS-3Xdel,CDS-3Xdel,B_8_20180415.afa
MG830531,3'NCR-del,Pass,B_5_20180606.afa
MH585150,3'NCR-ins,3'NCR-ins,B_4_20170721.afa
MH583368,3'NCR-ins,3'NCR-ins,B_4_20170721.afa
MH585075,3'NCR-ins,3'NCR-ins,B_4_20170721.afa
MH606706,3'NCR-ins,3'NCR-ins,B_4_20170721.afa
MK625938,5'NCR-del,5'NCR-del,B_5_20180606.afa
MN493738,3'CTS-mut,3'CTS-mut,B_2_20170703.afa
MN493738,3'NCR-ext,3'NCR-ext,B_2_20170703.afa
MN480790,3'NCR-del,3'NCR-del,B_7_20180606.afa
MH606359,5'NCR-del,5'NCR-del,B_6_20180414.afa
MN559749,3'NCR-ext,3'NCR-ext,B_6_20180414.afa
MN559753,3'NCR-ext,3'NCR-ext,B_6_20180414.afa
NC_002208,5'CTS-mut,5'CTS-mut,B_5_20180606.afa
NC_002208,5'NCR-del,5'NCR-del,B_5_20180606.afa
MN559747,3'NCR-ext,3'NCR-ext,B_6_20180414.afa
MN539665,CDS-del,CDS-del,B_2_20170703.afa
MH684314,5'CTS-mut,5'CTS-mut,B_3_20170704.afa
MH684314,5'CTS-mut,5'CTS-mut,B_3_20170704.afa
MN371695,3'NCR-del,3'NCR-del,B_3_20170704.afa
MN230599,3'NCR-del,3'NCR-del,B_6_20180414.afa
MH703061,3'NCR-del,3'NCR-del,B_4_20170721.afa
MH703063,3'NCR-del,3'NCR-del,B_4_20170721.afa
MH703065,3'NCR-del,3'NCR-del,B_4_20170721.afa
MH703067,3'NCR-del,3'NCR-del,B_4_20170721.afa
MN507180,3'NCR-del,3'NCR-del,B_4_20170721.afa
MN507192,CDS-3Xdel,CDS-3Xdel,B_8_20180415.afa
MN819522,3'NCR-del,3'NCR-del,B_7_20180606.afa
MN819224,3'CTS-mut,3'CTS-mut,B_5_20180606.afa
MN480837,3'CTS-mut,3'CTS-mut,B_2_20170703.afa
MN480837,3'NCR-ext,3'NCR-ext,B_2_20170703.afa
MG692775,5'CTS-mut,5'CTS-mut,B_6_20180414.afa
MG692775,3'CTS-mut,3'CTS-mut,B_6_20180414.afa
MN485877,3'NCR-del,3'NCR-del,B_7_20180606.afa
MN485877,3'NCR-del,3'NCR-del,B_7_20180606.afa
MN485877,3'NCR-del,3'NCR-del,B_7_20180606.afa
MN493750,3'CTS-mut,3'CTS-mut,B_6_20180414.afa
MG692772,3'CTS-mut,3'CTS-mut,B_2_20170703.afa
MN819488,3'NCR-ins,3'NCR-ins,B_5_20180606.afa
MK898351,CDS-3Xdel,CDS-3Xdel,B_3_20170704.afa
MN588501,Pass,Pass,B_4_20170721.afa
MN588503,Pass,Pass,B_4_20170721.afa
MN588504,Pass,Pass,B_4_20170721.afa
MN588506,Pass,Pass,B_4_20170721.afa
MN588804,Pass,Pass,B_1_20180606.afa
MN588806,Pass,Pass,B_4_20170721.afa
MN588446,Pass,Pass,B_3_20170704.afa
MN588449,Pass,Pass,B_3_20170704.afa
MN588451,Pass,Pass,B_3_20170704.afa
MN754498,Pass,Pass,B_5_20180606.afa
MN754500,Pass,Pass,B_7_20180606.afa
MN588828,Pass,Pass,B_1_20180606.afa
MN588830,Pass,Pass,B_4_20170721.afa
MN588832,Pass,Pass,B_6_20180414.afa
MN588566,Pass,Pass,B_5_20180606.afa
MN754503,Pass,Pass,B_1_20180606.afa
MN754505,Pass,Pass,B_4_20170721.afa
MN754506,Pass,Pass,B_5_20180606.afa
MN588871,Pass,Pass,B_5_20180606.afa
MN588919,Pass,Pass,B_5_20180606.afa
MN588921,Pass,Pass,B_7_20180606.afa
MN588923,Pass,Pass,B_2_20170703.afa
MN588967,Pass,Pass,B_5_20180606.afa
MN588969,Pass,Pass,B_7_20180606.afa
MN588971,Pass,Pass,B_2_20170703.afa
MN588973,Pass,Pass,B_3_20170704.afa
MN588975,Pass,Pass,B_5_20180606.afa
MN589040,Pass,Pass,B_6_20180414.afa
MN589042,Pass,Pass,B_8_20180415.afa
MN589044,Pass,Pass,B_1_20180606.afa
MN589252,Pass,Pass,B_1_20180606.afa
MN589254,Pass,Pass,B_4_20170721.afa
MN588510,Pass,Pass,B_4_20170721.afa
MN588512,Pass,Pass,B_4_20170721.afa
MN588600,Pass,Pass,B_6_20180414.afa
MN588603,Pass,Pass,B_6_20180414.afa
MN588779,Pass,Pass,B_2_20170703.afa
MN588781,Pass,Pass,B_3_20170704.afa
MN588783,Pass,Pass,B_5_20180606.afa
MN588785,Pass,Pass,B_7_20180606.afa
MN588567,Pass,Pass,B_5_20180606.afa
MN588792,Pass,Pass,B_6_20180414.afa
MN588794,Pass,Pass,B_8_20180415.afa
MN588787,Pass,Pass,B_2_20170703.afa
MN588452,Pass,Pass,B_3_20170704.afa
MN588558,Pass,Pass,B_5_20180606.afa
MN588560,Pass,Pass,B_5_20180606.afa
MN588562,Pass,Pass,B_5_20180606.afa
MN588564,Pass,Pass,B_5_20180606.afa
MN754509,Pass,Pass,B_8_20180415.afa
MN754511,Pass,Pass,B_2_20170703.afa
MN754513,Pass,Pass,B_3_20170704.afa
MN754515,Pass,Pass,B_6_20180414.afa
MN754517,Pass,Pass,B_8_20180415.afa
MN588925,Pass,Pass,B_3_20170704.afa
MN588927,Pass,Pass,B_5_20180606.afa
MN588929,Pass,Pass,B_7_20180606.afa
MN588931,Pass,Pass,B_2_20170703.afa
MN588933,Pass,Pass,B_3_20170704.afa
MN588977,Pass,Pass,B_7_20180606.afa
MN588979,Pass,Pass,B_2_20170703.afa
MN588980,Pass,Pass,B_1_20180606.afa
MN588982,Pass,Pass,B_4_20170721.afa
MN588984,Pass,Pass,B_6_20180414.afa
MN589005,Pass,Pass,B_3_20170704.afa
MN589007,Pass,Pass,B_5_20180606.afa
MN589009,Pass,Pass,B_7_20180606.afa
MN589011,Pass,Pass,B_2_20170703.afa
MN588895,Pass,Pass,B_5_20180606.afa
MN588897,Pass,Pass,B_7_20180606.afa
MN588899,Pass,Pass,B_2_20170703.afa
MN588901,Pass,Pass,B_3_20170704.afa
MN588903,Pass,Pass,B_5_20180606.afa
MN588640,Pass,Pass,B_6_20180414.afa
MN588642,Pass,Pass,B_6_20180414.afa
MN588644,Pass,Pass,B_6_20180414.afa
MN588647,Pass,Pass,B_6_20180414.afa
MN588649,Pass,Pass,B_6_20180414.afa
MN589092,Pass,Pass,B_1_20180606.afa
MN589094,Pass,Pass,B_4_20170721.afa
MN589096,Pass,Pass,B_6_20180414.afa
MN874045,Pass,Pass,B_3_20170704.afa
MN874047,Pass,Pass,B_2_20170703.afa
MN874049,Pass,Pass,B_6_20180414.afa
MN874051,Pass,Pass,B_7_20180606.afa
MN874053,Pass,Pass,B_3_20170704.afa
MN589013,Pass,Pass,B_3_20170704.afa
MN588332,Pass,Pass,B_2_20170703.afa
MN588334,Pass,Pass,B_2_20170703.afa
MN588336,Pass,Pass,B_2_20170703.afa
MN588338,Pass,Pass,B_2_20170703.afa
MN588340,Pass,Pass,B_2_20170703.afa
MN588606,Pass,Pass,B_6_20180414.afa
MN588608,Pass,Pass,B_6_20180414.afa
MN588610,Pass,Pass,B_6_20180414.afa
MN588613,Pass,Pass,B_6_20180414.afa
MN588789,Pass,Pass,B_3_20170704.afa
MN588434,Pass,Pass,B_3_20170704.afa
MN588436,Pass,Pass,B_3_20170704.afa
MN588438,Pass,Pass,B_3_20170704.afa
MN588440,Pass,Pass,B_3_20170704.afa
MN588565,Pass,Pass,B_5_20180606.afa
CY265956,Pass,Pass,B_6_20180414.afa
CY265958,Pass,Pass,B_8_20180415.afa
CY263945,Pass,Pass,B_4_20170721.afa
CY263947,Pass,Pass,B_6_20180414.afa
CY263952,Pass,Pass,B_2_20170703.afa
CY263954,Pass,Pass,B_7_20180606.afa
CY264624,Pass,Pass,B_3_20170704.afa
CY264627,Pass,Pass,B_6_20180414.afa
CY264629,Pass,Pass,B_8_20180415.afa
CY263800,Pass,Pass,B_1_20180606.afa
CY263802,Pass,Pass,B_3_20170704.afa
CY263805,Pass,Pass,B_6_20180414.afa
CY263807,Pass,Pass,B_8_20180415.afa
MG910757,Pass,Pass,B_4_20170721.afa
MG910766,Pass,Pass,B_4_20170721.afa
MG869087,Pass,Pass,B_5_20180606.afa
MG869089,Pass,Pass,B_3_20170704.afa
MG869091,Pass,Pass,B_2_20170703.afa
MH671778,Pass,Pass,B_5_20180606.afa
MH671780,Pass,Pass,B_7_20180606.afa
MG812175,Pass,Pass,B_4_20170721.afa
MG812178,Pass,Pass,B_4_20170721.afa
CY262992,Pass,Pass,B_5_20180606.afa
CY263016,Pass,Pass,B_5_20180606.afa
CY263032,Pass,Pass,B_5_20180606.afa
CY262847,Pass,Pass,B_6_20180414.afa
CY265784,Pass,Pass,B_2_20170703.afa
CY265785,Pass,Pass,B_3_20170704.afa
CY263751,Pass,Pass,B_8_20180415.afa
CY263753,Pass,Pass,B_2_20170703.afa
CY263755,Pass,Pass,B_4_20170721.afa
CY263822,Pass,Pass,B_1_20180606.afa
CY265629,Pass,Pass,B_3_20170704.afa
CY265632,Pass,Pass,B_6_20180414.afa
CY265633,Pass,Pass,B_7_20180606.afa
CY265635,Pass,Pass,B_1_20180606.afa
CY265637,Pass,Pass,B_3_20170704.afa
CY263957,Pass,Pass,B_8_20180415.afa
CY263959,Pass,Pass,B_1_20180606.afa
CY263961,Pass,Pass,B_4_20170721.afa
CY263962,Pass,Pass,B_7_20180606.afa
CY263967,Pass,Pass,B_1_20180606.afa
CY262929,Pass,Pass,B_8_20180415.afa
CY262931,Pass,Pass,B_1_20180606.afa
CY262933,Pass,Pass,B_4_20170721.afa
CY262935,Pass,Pass,B_6_20180414.afa
CY262938,Pass,Pass,B_3_20170704.afa
CY263019,Pass,Pass,B_1_20180606.afa
CY263020,Pass,Pass,B_2_20170703.afa
CY263022,Pass,Pass,B_7_20180606.afa
CY263025,Pass,Pass,B_8_20180415.afa
CY263027,Pass,Pass,B_1_20180606.afa
CY265708,Pass,Pass,B_2_20170703.afa
CY265710,Pass,Pass,B_4_20170721.afa
CY265712,Pass,Pass,B_6_20180414.afa
CY265714,Pass,Pass,B_8_20180415.afa
CY265855,Pass,Pass,B_1_20180606.afa
CY265857,Pass,Pass,B_3_20170704.afa
CY265860,Pass,Pass,B_6_20180414.afa
CY265928,Pass,Pass,B_2_20170703.afa
CY265929,Pass,3'NCR-del,B_3_20170704.afa
CY265932,Pass,Pass,B_6_20180414.afa
CY265595,Pass,Pass,B_7_20180606.afa
CY265597,Pass,Pass,B_1_20180606.afa
CY265599,Pass,Pass,B_3_20170704.afa
CY265602,Pass,Pass,B_6_20180414.afa
CY265603,Pass,Pass,B_7_20180606.afa
MG910770,Pass,Pass,B_4_20170721.afa
MG910771,Pass,Pass,B_4_20170721.afa
MG910774,Pass,Pass,B_4_20170721.afa
MH080780,Pass,Pass,B_7_20180606.afa
MH080782,Pass,Pass,B_2_20170703.afa
MH080784,Pass,Pass,B_3_20170704.afa
MH080786,Pass,Pass,B_5_20180606.afa
MH080788,Pass,Pass,B_7_20180606.afa
MH080988,Pass,Pass,B_7_20180606.afa
MH080990,Pass,Pass,B_6_20180414.afa
MH080992,Pass,Pass,B_7_20180606.afa
MH080993,Pass,Pass,B_2_20170703.afa
MH080995,Pass,Pass,B_1_20180606.afa
MH080997,Pass,Pass,B_5_20180606.afa
MG910865,Pass,Pass,B_4_20170721.afa
MG910867,Pass,Pass,B_4_20170721.afa
MG910926,Pass,Pass,B_4_20170721.afa
CY263652,Pass,Pass,B_5_20180606.afa
CY262904,Pass,Pass,B_5_20180606.afa
CY264752,Pass,Pass,B_5_20180606.afa
CY265787,Pass,Pass,B_5_20180606.afa
CY262849,Pass,Pass,B_8_20180415.afa
CY262851,Pass,Pass,B_1_20180606.afa
CY262853,Pass,Pass,B_4_20170721.afa
CY262857,Pass,Pass,B_8_20180415.afa
CY265788,Pass,Pass,B_6_20180414.afa
CY265789,Pass,Pass,B_7_20180606.afa
CY265935,Pass,Pass,B_1_20180606.afa
CY265937,Pass,Pass,B_3_20170704.afa
CY265940,Pass,Pass,B_6_20180414.afa
CY265942,Pass,Pass,B_8_20180415.afa
CY265944,Pass,Pass,B_2_20170703.afa
CY262860,Pass,Pass,B_2_20170703.afa
CY262863,Pass,Pass,B_6_20180414.afa
CY262866,Pass,Pass,B_3_20170704.afa
MN493625,Pass,Pass,B_6_20180414.afa
MG002425,Pass,Pass,B_3_20170704.afa
MH130451,Pass,Pass,B_3_20170704.afa
MG002426,Pass,Pass,B_4_20170721.afa
MG926547,Pass,Pass,B_5_20180606.afa
MG926850,Pass,Pass,B_5_20180606.afa
CY265954,Pass,Pass,B_4_20170721.afa
CY265957,Pass,Pass,B_7_20180606.afa
MG921568,Pass,Pass,B_6_20180414.afa
MG921570,Pass,Pass,B_8_20180415.afa
MG921608,Pass,Pass,B_2_20170703.afa
MG921610,Pass,Pass,B_4_20170721.afa
MG921613,Pass,Pass,B_7_20180606.afa
MG910787,Pass,Pass,B_4_20170721.afa
MG910924,Pass,Pass,B_4_20170721.afa
CY262944,Pass,Pass,B_5_20180606.afa
CY265952,Pass,Pass,B_2_20170703.afa
CY264749,Pass,Pass,B_2_20170703.afa
CY264751,Pass,Pass,B_4_20170721.afa
CY264754,Pass,Pass,B_7_20180606.afa
CY265853,Pass,Pass,B_7_20180606.afa
CY264755,Pass,Pass,B_8_20180415.afa
CY262845,Pass,Pass,B_4_20170721.afa
CY262846,Pass,Pass,B_7_20180606.afa
CY265783,Pass,Pass,B_1_20180606.afa
CY262850,Pass,Pass,B_3_20170704.afa
CY262852,Pass,Pass,B_2_20170703.afa
CY262855,Pass,Pass,B_6_20180414.afa
CY262858,Pass,Pass,B_3_20170704.afa
CY265786,Pass,Pass,B_4_20170721.afa
CY265790,Pass,Pass,B_8_20180415.afa
CY265936,Pass,Pass,B_2_20170703.afa
CY265938,Pass,Pass,B_4_20170721.afa
CY265941,Pass,Pass,B_7_20180606.afa
CY265945,Pass,Pass,B_3_20170704.afa
CY262859,Pass,Pass,B_1_20180606.afa
CY262861,Pass,Pass,B_4_20170721.afa
CY262865,Pass,Pass,B_8_20180415.afa
CY262868,Pass,Pass,B_2_20170703.afa
CY265948,Pass,Pass,B_6_20180414.afa
CY265950,Pass,Pass,B_8_20180415.afa
CY262869,Pass,Pass,B_4_20170721.afa
CY262871,Pass,Pass,B_6_20180414.afa
CY262874,Pass,Pass,B_3_20170704.afa
CY262877,Pass,Pass,B_4_20170721.afa
CY262879,Pass,Pass,B_6_20180414.afa
CY262885,Pass,Pass,B_4_20170721.afa
CY262887,Pass,Pass,B_6_20180414.afa
CY262891,Pass,Pass,B_1_20180606.afa
CY262893,Pass,Pass,B_4_20170721.afa
CY262895,Pass,Pass,B_6_20180414.afa
CY263773,Pass,Pass,B_6_20180414.afa
CY263779,Pass,Pass,B_4_20170721.afa
CY263782,Pass,Pass,B_7_20180606.afa
CY263784,Pass,Pass,B_1_20180606.afa
CY263786,Pass,Pass,B_3_20170704.afa
CY263789,Pass,Pass,B_6_20180414.afa
CY263791,Pass,Pass,B_8_20180415.afa
CY265760,Pass,Pass,B_1_20180606.afa
CY265762,Pass,Pass,B_3_20170704.afa
CY265765,Pass,Pass,B_6_20180414.afa
CY265768,Pass,Pass,B_1_20180606.afa
CY263793,Pass,3'NCR-del,B_2_20170703.afa
CY263795,Pass,Pass,B_4_20170721.afa
CY263799,Pass,Pass,B_8_20180415.afa
CY265771,Pass,Pass,B_4_20170721.afa
CY265774,Pass,Pass,B_7_20180606.afa
CY265776,Pass,Pass,B_1_20180606.afa
CY265778,Pass,Pass,B_3_20170704.afa
CY262901,Pass,Pass,B_4_20170721.afa
CY262903,Pass,Pass,B_6_20180414.afa
CY262907,Pass,Pass,B_1_20180606.afa
CY262909,Pass,Pass,B_4_20170721.afa
CY262910,Pass,Pass,B_7_20180606.afa
CY262913,Pass,Pass,B_8_20180415.afa
CY262914,Pass,Pass,B_3_20170704.afa
CY262919,Pass,Pass,B_6_20180414.afa
CY263661,Pass,Pass,B_6_20180414.afa
CY263663,Pass,Pass,B_8_20180415.afa
CY263665,Pass,Pass,B_2_20170703.afa
CY263669,Pass,Pass,B_6_20180414.afa
CY263611,Pass,Pass,B_3_20170704.afa
CY264027,Pass,Pass,B_6_20180414.afa
CY264032,Pass,Pass,B_2_20170703.afa
CY264034,Pass,Pass,B_7_20180606.afa
CY264037,Pass,Pass,B_8_20180415.afa
CY263102,Pass,Pass,B_7_20180606.afa
CY263105,Pass,Pass,B_8_20180415.afa
CY263108,Pass,Pass,B_2_20170703.afa
CY263110,Pass,Pass,B_7_20180606.afa
CY263487,Pass,Pass,B_6_20180414.afa
CY263489,Pass,Pass,B_8_20180415.afa
CY263492,Pass,Pass,B_3_20170704.afa
CY263495,Pass,Pass,B_6_20180414.afa
CY263670,Pass,Pass,B_7_20180606.afa
CY263672,Pass,Pass,B_1_20180606.afa
CY263674,Pass,Pass,B_3_20170704.afa
CY263678,Pass,Pass,B_7_20180606.afa
CY263615,Pass,Pass,B_8_20180415.afa
CY263617,Pass,Pass,B_2_20170703.afa
CY263619,Pass,Pass,B_4_20170721.afa
CY263624,Pass,Pass,B_1_20180606.afa
MN588324,Pass,Pass,B_2_20170703.afa
MN588326,Pass,Pass,B_2_20170703.afa
MN588328,Pass,Pass,B_2_20170703.afa
MN588381,Pass,Pass,B_1_20180606.afa
MN588383,Pass,Pass,B_1_20180606.afa
MN588385,Pass,Pass,B_1_20180606.afa
MN588387,Pass,Pass,B_1_20180606.afa
MN589276,Pass,Pass,B_1_20180606.afa
MN589278,Pass,Pass,B_4_20170721.afa
MN589280,Pass,Pass,B_6_20180414.afa
MN588358,Pass,Pass,B_2_20170703.afa
MN588569,Pass,Pass,B_5_20180606.afa
MN588904,Pass,Pass,B_6_20180414.afa
LC409180,Pass,Pass,B_6_20180414.afa
LC409182,Pass,Pass,B_6_20180414.afa
MN754519,Pass,Pass,B_1_20180606.afa
MN754521,Pass,Pass,B_5_20180606.afa
MN754523,Pass,Pass,B_7_20180606.afa
MN754525,Pass,Pass,B_4_20170721.afa
MN754527,Pass,Pass,B_6_20180414.afa
MN754528,Pass,Pass,B_3_20170704.afa
MN754529,Pass,Pass,B_7_20180606.afa
MN588935,Pass,Pass,B_5_20180606.afa
MN588937,Pass,Pass,B_7_20180606.afa
MN588941,Pass,Pass,B_3_20170704.afa
MN588943,Pass,Pass,B_5_20180606.afa
MN588987,Pass,Pass,B_2_20170703.afa
MN588989,Pass,Pass,B_3_20170704.afa
MN588991,Pass,Pass,B_5_20180606.afa
MN588993,Pass,Pass,B_7_20180606.afa
MN588995,Pass,Pass,B_2_20170703.afa
MN589016,Pass,Pass,B_6_20180414.afa
MN589018,Pass,Pass,B_8_20180415.afa
MN589020,Pass,Pass,B_1_20180606.afa
MN589022,Pass,Pass,B_4_20170721.afa
MN589025,Pass,Pass,B_7_20180606.afa
MN588342,Pass,Pass,B_2_20170703.afa
LC409195,Pass,Pass,B_6_20180414.afa
MN656004,Pass,Pass,B_5_20180606.afa
MN588652,Pass,Pass,B_6_20180414.afa
MN589137,Pass,Pass,B_7_20180606.afa
MN589444,Pass,Pass,B_1_20180606.afa
MN589242,Pass,Pass,B_8_20180415.afa
MN588344,Pass,Pass,B_2_20170703.afa
MN588346,Pass,Pass,B_2_20170703.afa
MN588614,Pass,Pass,B_6_20180414.afa
MN588616,Pass,Pass,B_6_20180414.afa
MN588618,Pass,Pass,B_6_20180414.afa
MN588620,Pass,Pass,B_6_20180414.afa
MN588655,Pass,Pass,B_7_20180606.afa
MN588445,Pass,Pass,B_3_20170704.afa
MN588556,Pass,Pass,B_5_20180606.afa
MN588455,Pass,Pass,B_3_20170704.afa
MN588457,Pass,Pass,B_3_20170704.afa
MN754470,Pass,Pass,B_2_20170703.afa
MN754472,Pass,Pass,B_3_20170704.afa
MN588389,Pass,Pass,B_1_20180606.afa
MN588391,Pass,Pass,B_1_20180606.afa
MN588393,Pass,Pass,B_1_20180606.afa
MN588395,Pass,Pass,B_1_20180606.afa
MN588397,Pass,Pass,B_1_20180606.afa
MN588361,Pass,Pass,B_2_20170703.afa
MN588364,Pass,Pass,B_2_20170703.afa
MN588368,Pass,Pass,B_2_20170703.afa
MN588571,Pass,Pass,B_5_20180606.afa
MN588573,Pass,Pass,B_5_20180606.afa
MN588575,Pass,Pass,B_5_20180606.afa
MN656006,Pass,Pass,B_4_20170721.afa
MN656008,Pass,Pass,B_6_20180414.afa
MN656010,Pass,Pass,B_8_20180415.afa
MN656011,Pass,Pass,B_3_20170704.afa
MN754474,Pass,Pass,B_5_20180606.afa
MN754531,Pass,Pass,B_2_20170703.afa
MN754533,Pass,Pass,B_4_20170721.afa
MN588844,Pass,Pass,B_1_20180606.afa
MN588846,Pass,Pass,B_4_20170721.afa
MN588848,Pass,Pass,B_6_20180414.afa
MN588944,Pass,Pass,B_6_20180414.afa
MN588946,Pass,Pass,B_8_20180415.afa
MN588948,Pass,Pass,B_1_20180606.afa
MN588950,Pass,Pass,B_4_20170721.afa
MN656013,Pass,Pass,B_2_20170703.afa
MN589331,Pass,Pass,B_2_20170703.afa
MN589333,Pass,Pass,B_3_20170704.afa
MN589246,Pass,Pass,B_4_20170721.afa
MN589248,Pass,Pass,B_6_20180414.afa
MN589250,Pass,Pass,B_8_20180415.afa
MN589098,Pass,Pass,B_8_20180415.afa
MN588398,Pass,Pass,B_1_20180606.afa
MN588400,Pass,Pass,B_1_20180606.afa
MN588402,Pass,Pass,B_1_20180606.afa
MN588546,Pass,Pass,B_5_20180606.afa
MN588549,Pass,Pass,B_5_20180606.afa
MN588371,Pass,Pass,B_2_20170703.afa
MN588373,Pass,Pass,B_2_20170703.afa
MN588375,Pass,Pass,B_2_20170703.afa
MN589282,Pass,Pass,B_8_20180415.afa
MN589334,Pass,Pass,B_4_20170721.afa
MN589336,Pass,Pass,B_6_20180414.afa
MN588710,Pass,Pass,B_8_20180415.afa
MN588712,Pass,Pass,B_8_20180415.afa
MN588714,Pass,Pass,B_8_20180415.afa
MN588717,Pass,Pass,B_8_20180415.afa
CY263122,Pass,Pass,B_3_20170704.afa
CY263125,Pass,Pass,B_4_20170721.afa
CY263126,Pass,Pass,B_7_20180606.afa
CY263129,Pass,Pass,B_8_20180415.afa
CY263131,Pass,Pass,B_1_20180606.afa
CY263509,Pass,Pass,B_4_20170721.afa
CY263511,Pass,Pass,B_6_20180414.afa
CY263513,Pass,Pass,B_8_20180415.afa
CY263515,Pass,Pass,B_2_20170703.afa
CY263520,Pass,Pass,B_7_20180606.afa
CY263685,Pass,Pass,B_6_20180414.afa
CY263687,Pass,Pass,B_8_20180415.afa
CY263639,Pass,Pass,B_8_20180415.afa
CY263641,Pass,Pass,B_2_20170703.afa
CY263643,Pass,Pass,B_4_20170721.afa
CY263645,Pass,Pass,B_6_20180414.afa
CY263647,Pass,Pass,B_8_20180415.afa
CY263757,Pass,Pass,B_6_20180414.afa
CY263464,Pass,Pass,B_7_20180606.afa
CY263466,Pass,Pass,B_1_20180606.afa
CY263469,Pass,Pass,B_4_20170721.afa
CY263472,Pass,Pass,B_7_20180606.afa
CY263581,Pass,Pass,B_4_20170721.afa
CY263584,Pass,Pass,B_7_20180606.afa
CY263586,Pass,Pass,B_1_20180606.afa
CY263588,Pass,Pass,B_3_20170704.afa
CY263589,Pass,Pass,B_4_20170721.afa
CY263824,Pass,Pass,B_4_20170721.afa
CY263826,Pass,Pass,B_6_20180414.afa
CY263831,Pass,Pass,B_2_20170703.afa
CY263833,Pass,Pass,B_7_20180606.afa
CY265640,Pass,Pass,B_6_20180414.afa
CY265641,Pass,Pass,B_7_20180606.afa
CY265792,Pass,Pass,B_2_20170703.afa
CY265794,Pass,Pass,B_4_20170721.afa
CY265796,Pass,Pass,B_6_20180414.afa
CY265862,Pass,Pass,B_8_20180415.afa
CY265864,Pass,Pass,B_2_20170703.afa
CY265866,Pass,Pass,B_4_20170721.afa
CY265869,Pass,Pass,B_7_20180606.afa
CY265967,Pass,Pass,B_1_20180606.afa
CY265969,Pass,Pass,B_3_20170704.afa
CY265970,Pass,Pass,B_4_20170721.afa
CY265973,Pass,Pass,B_7_20180606.afa
CY265744,Pass,Pass,B_1_20180606.afa
CY265746,Pass,Pass,B_3_20170704.afa
CY265747,Pass,Pass,B_4_20170721.afa
CY265750,Pass,Pass,B_7_20180606.afa
CY265752,Pass,Pass,B_1_20180606.afa
MG812142,Pass,Pass,B_6_20180414.afa
MG812146,Pass,Pass,B_6_20180414.afa
MG812149,Pass,Pass,B_6_20180414.afa
MG812151,Pass,Pass,B_6_20180414.afa
MG910782,Pass,Pass,B_4_20170721.afa
MG910784,Pass,Pass,B_4_20170721.afa
MG910786,Pass,Pass,B_4_20170721.afa
MH081150,Pass,Pass,B_2_20170703.afa
MH081152,Pass,3'NCR-del,B_3_20170704.afa
MH081154,Pass,Pass,B_5_20180606.afa
MH081156,Pass,Pass,B_7_20180606.afa
MH081158,Pass,Pass,B_2_20170703.afa
MH081160,Pass,3'NCR-del,B_3_20170704.afa
MH080673,Pass,Pass,B_4_20170721.afa
MH080675,Pass,Pass,B_6_20180414.afa
MH080677,Pass,Pass,B_8_20180415.afa
MH080679,Pass,Pass,B_1_20180606.afa
MH081229,Pass,Pass,B_8_20180415.afa
MH081264,Pass,Pass,B_4_20170721.afa
MH080790,Pass,Pass,B_6_20180414.afa
MH080792,Pass,Pass,B_7_20180606.afa
MH363586,Pass,Pass,B_7_20180606.afa
MH363588,Pass,Pass,B_2_20170703.afa
MG910928,Pass,Pass,B_4_20170721.afa
MG910929,Pass,Pass,B_4_20170721.afa
MG910931,Pass,Pass,B_4_20170721.afa
MG910933,Pass,Pass,B_4_20170721.afa
MG910935,Pass,Pass,B_4_20170721.afa
MG787938,Pass,Pass,B_7_20180606.afa
CY263048,Pass,Pass,B_5_20180606.afa
CY263072,Pass,Pass,B_5_20180606.afa
CY263088,Pass,Pass,B_5_20180606.afa
CY265875,Pass,Pass,B_5_20180606.afa
CY263900,Pass,Pass,B_5_20180606.afa
CY263916,Pass,Pass,B_5_20180606.afa
CY265955,Pass,Pass,B_5_20180606.afa
CY265971,Pass,Pass,B_5_20180606.afa
CY262867,Pass,Pass,B_1_20180606.afa
CY265946,Pass,Pass,B_4_20170721.afa
CY265949,Pass,Pass,B_7_20180606.afa
CY262870,Pass,Pass,B_7_20180606.afa
CY262873,Pass,Pass,B_8_20180415.afa